{"type":"FeatureCollection","features":[{"type":"Feature","id":"pl-000","geometry":{"type":"LineString","coordinates":[[85.15089,20.7376],[85.14776,20.72906],[85.14463,20.72052],[85.14151,20.71198],[85.13838,20.70344],[85.13526,20.6949],[85.13213,20.68637],[85.129,20.67783],[85.12588,20.66929],[85.12275,20.66075],[85.11963,20.65221],[85.11651,20.64367],[85.11338,20.63513],[85.11026,20.62659],[85.10714,20.61805],[85.10401,20.60951],[85.10089,20.60097],[85.09777,20.59243],[85.09465,20.58389],[85.09153,20.57535],[85.08841,20.56681],[85.08529,20.55827],[85.08217,20.54973],[85.07905,20.54119],[85.07593,20.53265],[85.07281,20.52411],[85.06969,20.51557],[85.06657,20.50703],[85.06345,20.49849],[85.06033,20.48995],[85.05722,20.48141],[85.0541,20.47287],[85.05098,20.46432],[85.04787,20.45578],[85.04475,20.44724],[85.04164,20.4387],[85.03852,20.43016],[85.03541,20.42162],[85.03229,20.41308],[85.02918,20.40454],[85.02606,20.396],[85.02295,20.38745],[85.01984,20.37891],[85.01672,20.37037],[85.01361,20.36183],[85.0105,20.35329],[85.00739,20.34475],[85.00427,20.3362],[85.00116,20.32766],[84.99805,20.31912],[84.99494,20.31058],[84.99183,20.30204],[84.98872,20.2935],[84.98561,20.28495],[84.9825,20.27641],[84.9794,20.26787],[84.97629,20.25933],[84.97318,20.25078],[84.97007,20.24224],[84.96696,20.2337],[84.96386,20.22516],[84.96075,20.21661],[84.95764,20.20807],[84.95454,20.19953],[84.95143,20.19098],[84.94833,20.18244],[84.94522,20.1739],[84.94212,20.16536],[84.93901,20.15681],[84.93591,20.14827],[84.9328,20.13973],[84.9297,20.13118],[84.9266,20.12264],[84.9235,20.1141],[84.92039,20.10555],[84.91729,20.09701],[84.91419,20.08847],[84.91109,20.07992],[84.90799,20.07138],[84.90489,20.06283],[84.90179,20.05429],[84.89869,20.04575],[84.89559,20.0372],[84.89249,20.02866],[84.88939,20.02011],[84.88629,20.01157],[84.88319,20.00303],[84.88009,19.99448],[84.87699,19.98594],[84.8739,19.97739],[84.8708,19.96885],[84.8677,19.9603],[84.86461,19.95176],[84.86151,19.94321],[84.85842,19.93467],[84.85532,19.92613],[84.85223,19.91758],[84.84913,19.90904],[84.84604,19.90049],[84.84294,19.89195],[84.83985,19.8834],[84.83676,19.87486],[84.83366,19.86631],[84.83057,19.85776],[84.82748,19.84922],[84.82439,19.84067],[84.82129,19.83213],[84.8182,19.82358],[84.81511,19.81504],[84.81202,19.80649],[84.80893,19.79795],[84.80584,19.7894],[84.80275,19.78085],[84.79966,19.77231],[84.79657,19.76376],[84.79348,19.75522],[84.7904,19.74667],[84.78731,19.73812],[84.78422,19.72958],[84.78113,19.72103],[84.77805,19.71249],[84.77496,19.70394],[84.77187,19.69539],[84.76879,19.68685],[84.7657,19.6783],[84.76261,19.66975],[84.75953,19.66121],[84.75645,19.65266],[84.75336,19.64411],[84.75028,19.63557],[84.74719,19.62702],[84.74411,19.61847],[84.74103,19.60992],[84.73794,19.60138],[84.73486,19.59283],[84.73178,19.58428],[84.7287,19.57574],[84.72562,19.56719],[84.72253,19.55864],[84.71945,19.55009],[84.71637,19.54155],[84.71329,19.533],[84.71021,19.52445],[84.70713,19.5159],[84.70405,19.50735],[84.70097,19.49881],[84.6979,19.49026],[84.69482,19.48171],[84.69174,19.47316],[84.68866,19.46461],[84.68559,19.45607],[84.68251,19.44752],[84.67943,19.43897],[84.67636,19.43042],[84.67328,19.42187],[84.6702,19.41332],[84.66713,19.40478],[84.66405,19.39623],[84.66098,19.38768],[84.6579,19.37913],[84.65483,19.37058],[84.65176,19.36203],[84.64868,19.35348],[84.64561,19.34493],[84.64254,19.33639],[84.63946,19.32784],[84.63639,19.31929],[84.63332,19.31074],[84.63025,19.30219],[84.62718,19.29364],[84.62411,19.28509],[84.62104,19.27654],[84.61797,19.26799],[84.6149,19.25944],[84.61183,19.25089],[84.60876,19.24234],[84.60569,19.23379],[84.60262,19.22524],[84.59955,19.21669],[84.59648,19.20814],[84.59342,19.19959],[84.59035,19.19104],[84.58728,19.18249],[84.58421,19.17394],[84.58115,19.16539],[84.57808,19.15684],[84.57502,19.14829],[84.57195,19.13974],[84.56888,19.13119],[84.56582,19.12264],[84.56276,19.11409],[84.55969,19.10554],[84.55663,19.09699],[84.55356,19.08844],[84.5505,19.07989],[84.54744,19.07134],[84.54437,19.06279],[84.54131,19.05424],[84.53825,19.04568],[84.53519,19.03713],[84.53213,19.02858],[84.52907,19.02003],[84.52601,19.01148],[84.52294,19.00293],[84.51988,18.99438],[84.51682,18.98583],[84.51377,18.97727],[84.51071,18.96872],[84.50765,18.96017],[84.50459,18.95162],[84.50153,18.94307],[84.49847,18.93452],[84.49541,18.92596],[84.49236,18.91741],[84.4893,18.90886],[84.48624,18.90031],[84.48319,18.89176],[84.48013,18.8832],[84.47708,18.87465],[84.47402,18.8661],[84.47096,18.85755],[84.46791,18.84899],[84.46486,18.84044],[84.4618,18.83189],[84.45875,18.82334],[84.45569,18.81478],[84.45264,18.80623]]},"properties":{"id":"pl-000","kind":"pg-line","name":"Angul to Palasa 765KV PGCIL Line","voltage":765,"service":"In Service","lengthKm":226.845}},{"type":"Feature","id":"pl-001","geometry":{"type":"LineString","coordinates":[[78.79873,14.38456],[78.79481,14.3927],[78.79089,14.40085],[78.78698,14.409],[78.78306,14.41714],[78.77914,14.42529],[78.77522,14.43343],[78.7713,14.44158],[78.76738,14.44973],[78.76346,14.45787],[78.75954,14.46602],[78.75562,14.47416],[78.7517,14.48231],[78.74778,14.49045],[78.74385,14.4986],[78.73993,14.50675],[78.73601,14.51489],[78.73209,14.52304],[78.72816,14.53118],[78.72424,14.53933],[78.72032,14.54747],[78.71639,14.55562],[78.71247,14.56376],[78.70855,14.57191],[78.70462,14.58005],[78.7007,14.5882],[78.69677,14.59634],[78.69285,14.60448],[78.68892,14.61263],[78.68499,14.62077],[78.68107,14.62892],[78.67714,14.63706],[78.67321,14.64521],[78.66929,14.65335],[78.66536,14.66149],[78.66143,14.66964],[78.6575,14.67778],[78.65358,14.68593],[78.64965,14.69407],[78.64572,14.70221],[78.64179,14.71036],[78.63786,14.7185],[78.63393,14.72664],[78.63,14.73479],[78.62607,14.74293],[78.62214,14.75107],[78.61821,14.75922],[78.61428,14.76736],[78.61035,14.7755],[78.60641,14.78364],[78.60248,14.79179],[78.59855,14.79993],[78.59462,14.80807],[78.59068,14.81622],[78.58675,14.82436],[78.58282,14.8325],[78.57888,14.84064],[78.57495,14.84879],[78.57101,14.85693],[78.56708,14.86507],[78.56314,14.87321],[78.55921,14.88135],[78.55527,14.8895],[78.55134,14.89764],[78.5474,14.90578],[78.54346,14.91392],[78.53953,14.92206],[78.53559,14.9302],[78.53165,14.93835],[78.52772,14.94649],[78.52378,14.95463],[78.51984,14.96277],[78.5159,14.97091],[78.51196,14.97905],[78.50802,14.98719],[78.50408,14.99533],[78.50014,15.00348],[78.4962,15.01162],[78.49226,15.01976],[78.48832,15.0279],[78.48438,15.03604],[78.48044,15.04418],[78.4765,15.05232],[78.47256,15.06046],[78.46861,15.0686],[78.46467,15.07674],[78.46073,15.08488],[78.45679,15.09302],[78.45284,15.10116],[78.4489,15.1093],[78.44496,15.11744],[78.44101,15.12558],[78.43707,15.13372],[78.43312,15.14186],[78.42918,15.15],[78.42523,15.15814],[78.42128,15.16628],[78.41734,15.17442],[78.41339,15.18256],[78.40945,15.1907],[78.4055,15.19884],[78.40155,15.20697],[78.3976,15.21511],[78.39366,15.22325],[78.38971,15.23139],[78.38576,15.23953],[78.38181,15.24767],[78.37786,15.25581],[78.37391,15.26395],[78.36996,15.27208],[78.36601,15.28022],[78.36206,15.28836],[78.35811,15.2965],[78.35416,15.30464],[78.35021,15.31278],[78.34626,15.32091],[78.34231,15.32905],[78.33835,15.33719],[78.3344,15.34533],[78.33045,15.35346],[78.3265,15.3616],[78.32254,15.36974],[78.31859,15.37788],[78.31463,15.38601],[78.31068,15.39415],[78.30673,15.40229],[78.30277,15.41043],[78.29881,15.41856],[78.29486,15.4267],[78.2909,15.43484],[78.28695,15.44297],[78.28299,15.45111],[78.27903,15.45925],[78.27508,15.46738],[78.27112,15.47552],[78.26716,15.48366],[78.2632,15.49179],[78.25925,15.49993],[78.25529,15.50807],[78.25133,15.5162],[78.24737,15.52434],[78.24341,15.53247],[78.23945,15.54061],[78.23549,15.54875],[78.23153,15.55688],[78.22757,15.56502],[78.22361,15.57315],[78.21965,15.58129],[78.21568,15.58942],[78.21172,15.59756],[78.20776,15.6057],[78.2038,15.61383],[78.19983,15.62197],[78.19587,15.6301],[78.19191,15.63824],[78.18794,15.64637],[78.18398,15.65451],[78.18001,15.66264],[78.17605,15.67078]]},"properties":{"id":"pl-001","kind":"pg-line","name":"Kadapa to Kurnool 765KV PGCIL DC Line","voltage":765,"service":"In Service","lengthKm":157.881}},{"type":"Feature","id":"pl-002","geometry":{"type":"LineString","coordinates":[[78.17605,15.67078],[78.18316,15.66498],[78.19027,15.65919],[78.19738,15.65339],[78.2045,15.6476],[78.21161,15.6418],[78.21872,15.63601],[78.22583,15.63021],[78.23294,15.62442],[78.24004,15.61862],[78.24715,15.61283],[78.25426,15.60703],[78.26137,15.60123],[78.26848,15.59544],[78.27558,15.58964],[78.28269,15.58384],[78.2898,15.57804],[78.2969,15.57225],[78.30401,15.56645],[78.31111,15.56065],[78.31822,15.55485],[78.32532,15.54905],[78.33242,15.54325],[78.33953,15.53746],[78.34663,15.53166],[78.35373,15.52586],[78.36084,15.52006],[78.36794,15.51426],[78.37504,15.50846],[78.38214,15.50266],[78.38924,15.49686],[78.39634,15.49106],[78.40344,15.48525],[78.41054,15.47945],[78.41764,15.47365],[78.42474,15.46785],[78.43184,15.46205],[78.43893,15.45625],[78.44603,15.45044],[78.45313,15.44464],[78.46022,15.43884],[78.46732,15.43303],[78.47442,15.42723],[78.48151,15.42143],[78.48861,15.41562],[78.4957,15.40982],[78.5028,15.40401],[78.50989,15.39821],[78.51698,15.3924],[78.52408,15.3866],[78.53117,15.38079],[78.53826,15.37499],[78.54535,15.36918],[78.55245,15.36338],[78.55954,15.35757],[78.56663,15.35176],[78.57372,15.34596],[78.58081,15.34015],[78.5879,15.33434],[78.59499,15.32854],[78.60207,15.32273],[78.60916,15.31692],[78.61625,15.31111],[78.62334,15.30531],[78.63043,15.2995],[78.63751,15.29369],[78.6446,15.28788],[78.65169,15.28207],[78.65877,15.27626],[78.66586,15.27045],[78.67294,15.26464],[78.68003,15.25883],[78.68711,15.25302],[78.69419,15.24721],[78.70128,15.2414],[78.70836,15.23559],[78.71544,15.22978],[78.72252,15.22397],[78.72961,15.21815],[78.73669,15.21234],[78.74377,15.20653],[78.75085,15.20072],[78.75793,15.19491],[78.76501,15.18909],[78.77209,15.18328],[78.77917,15.17747],[78.78625,15.17165],[78.79332,15.16584],[78.8004,15.16003],[78.80748,15.15421],[78.81456,15.1484],[78.82163,15.14258],[78.82871,15.13677],[78.83579,15.13095],[78.84286,15.12514],[78.84994,15.11932],[78.85701,15.11351],[78.86409,15.10769],[78.87116,15.10187],[78.87823,15.09606],[78.88531,15.09024],[78.89238,15.08442],[78.89945,15.07861],[78.90652,15.07279],[78.9136,15.06697],[78.92067,15.06116],[78.92774,15.05534],[78.93481,15.04952],[78.94188,15.0437],[78.94895,15.03788],[78.95602,15.03206],[78.96309,15.02624],[78.97016,15.02043],[78.97722,15.01461],[78.98429,15.00879],[78.99136,15.00297],[78.99843,14.99715],[79.00549,14.99133],[79.01256,14.9855],[79.01963,14.97968],[79.02669,14.97386],[79.03376,14.96804],[79.04082,14.96222],[79.04789,14.9564],[79.05495,14.95058],[79.06201,14.94475],[79.06908,14.93893],[79.07614,14.93311],[79.0832,14.92729],[79.09027,14.92146],[79.09733,14.91564],[79.10439,14.90982],[79.11145,14.90399],[79.11851,14.89817],[79.12557,14.89235],[79.13263,14.88652],[79.13969,14.8807],[79.14675,14.87487],[79.15381,14.86905],[79.16087,14.86322],[79.16792,14.8574],[79.17498,14.85157],[79.18204,14.84574],[79.1891,14.83992],[79.19615,14.83409],[79.20321,14.82827],[79.21026,14.82244],[79.21732,14.81661],[79.22437,14.81078],[79.23143,14.80496],[79.23848,14.79913],[79.24554,14.7933],[79.25259,14.78747],[79.25964,14.78164],[79.2667,14.77582],[79.27375,14.76999],[79.2808,14.76416],[79.28785,14.75833],[79.2949,14.7525],[79.30195,14.74667],[79.309,14.74084],[79.31605,14.73501],[79.3231,14.72918],[79.33015,14.72335],[79.3372,14.71752],[79.34425,14.71169],[79.3513,14.70586],[79.35835,14.70003],[79.36539,14.69419],[79.37244,14.68836],[79.37949,14.68253],[79.38653,14.6767],[79.39358,14.67087],[79.40063,14.66503],[79.40767,14.6592],[79.41472,14.65337],[79.42176,14.64753],[79.42881,14.6417],[79.43585,14.63587],[79.44289,14.63003],[79.44994,14.6242],[79.45698,14.61836],[79.46402,14.61253],[79.47106,14.60669],[79.4781,14.60086],[79.48514,14.59502],[79.49219,14.58919],[79.49923,14.58335],[79.50627,14.57752],[79.51331,14.57168],[79.52034,14.56584],[79.52738,14.56001],[79.53442,14.55417],[79.54146,14.54833],[79.5485,14.5425],[79.55554,14.53666],[79.56257,14.53082],[79.56961,14.52498],[79.57665,14.51915],[79.58368,14.51331],[79.59072,14.50747],[79.59775,14.50163],[79.60479,14.49579],[79.61182,14.48995],[79.61886,14.48411],[79.62589,14.47827],[79.63292,14.47243],[79.63996,14.46659],[79.64699,14.46075],[79.65402,14.45491],[79.66105,14.44907],[79.66808,14.44323],[79.67512,14.43739],[79.68215,14.43155],[79.68918,14.42571],[79.69621,14.41987],[79.70324,14.41403],[79.71027,14.40818],[79.71729,14.40234],[79.72432,14.3965],[79.73135,14.39066],[79.73838,14.38481],[79.74541,14.37897],[79.75243,14.37313],[79.75946,14.36728],[79.76649,14.36144],[79.77351,14.35559],[79.78054,14.34975],[79.78756,14.34391],[79.79459,14.33806],[79.80161,14.33222],[79.80864,14.32637],[79.81566,14.32053],[79.82269,14.31468],[79.82971,14.30884],[79.83673,14.30299],[79.84375,14.29714],[79.85078,14.2913],[79.8578,14.28545],[79.86482,14.2796],[79.87184,14.27376],[79.87886,14.26791],[79.88588,14.26206],[79.8929,14.25621],[79.89992,14.25037]]},"properties":{"id":"pl-002","kind":"pg-line","name":"Kurnool to Nellore 765KV PGCIL DC Line","voltage":765,"service":"In Service","lengthKm":243.389}},{"type":"Feature","id":"pl-003","geometry":{"type":"LineString","coordinates":[[77.28549,16.2013],[77.29347,16.19657],[77.30144,16.19185],[77.30941,16.18713],[77.31738,16.18241],[77.32535,16.17769],[77.33332,16.17297],[77.34129,16.16825],[77.34926,16.16352],[77.35723,16.1588],[77.3652,16.15408],[77.37317,16.14936],[77.38113,16.14463],[77.3891,16.13991],[77.39707,16.13518],[77.40504,16.13046],[77.413,16.12573],[77.42097,16.12101],[77.42893,16.11628],[77.4369,16.11156],[77.44487,16.10683],[77.45283,16.10211],[77.46079,16.09738],[77.46876,16.09265],[77.47672,16.08793],[77.48468,16.0832],[77.49265,16.07847],[77.50061,16.07374],[77.50857,16.06901],[77.51653,16.06428],[77.52449,16.05956],[77.53246,16.05483],[77.54042,16.0501],[77.54838,16.04537],[77.55634,16.04064],[77.5643,16.03591],[77.57225,16.03118],[77.58021,16.02644],[77.58817,16.02171],[77.59613,16.01698],[77.60409,16.01225],[77.61204,16.00752],[77.62,16.00278],[77.62796,15.99805],[77.63591,15.99332],[77.64387,15.98859],[77.65182,15.98385],[77.65978,15.97912],[77.66773,15.97438],[77.67569,15.96965],[77.68364,15.96491],[77.69159,15.96018],[77.69955,15.95544],[77.7075,15.95071],[77.71545,15.94597],[77.7234,15.94123],[77.73136,15.9365],[77.73931,15.93176],[77.74726,15.92702],[77.75521,15.92229],[77.76316,15.91755],[77.77111,15.91281],[77.77906,15.90807],[77.78701,15.90333],[77.79495,15.89859],[77.8029,15.89385],[77.81085,15.88911],[77.8188,15.88437],[77.82675,15.87963],[77.83469,15.87489],[77.84264,15.87015],[77.85058,15.86541],[77.85853,15.86067],[77.86647,15.85593],[77.87442,15.85119],[77.88236,15.84644],[77.89031,15.8417],[77.89825,15.83696],[77.9062,15.83222],[77.91414,15.82747],[77.92208,15.82273],[77.93002,15.81798],[77.93796,15.81324],[77.94591,15.8085],[77.95385,15.80375],[77.96179,15.79901],[77.96973,15.79426],[77.97767,15.78951],[77.98561,15.78477],[77.99355,15.78002],[78.00149,15.77528],[78.00942,15.77053],[78.01736,15.76578],[78.0253,15.76103],[78.03324,15.75629],[78.04118,15.75154],[78.04911,15.74679],[78.05705,15.74204],[78.06498,15.73729],[78.07292,15.73254],[78.08086,15.72779],[78.08879,15.72304],[78.09672,15.71829],[78.10466,15.71354],[78.11259,15.70879],[78.12053,15.70404],[78.12846,15.69929],[78.13639,15.69454],[78.14432,15.68979],[78.15226,15.68503],[78.16019,15.68028],[78.16812,15.67553],[78.17605,15.67078]]},"properties":{"id":"pl-003","kind":"pg-line","name":"Raichur to Kurnool SC Line1 765KV PGCIL Line","voltage":765,"service":"In Service","lengthKm":112.012}},{"type":"Feature","id":"pl-004","geometry":{"type":"LineString","coordinates":[[77.28549,16.2013],[77.29347,16.19657],[77.30144,16.19185],[77.30941,16.18713],[77.31738,16.18241],[77.32535,16.17769],[77.33332,16.17297],[77.34129,16.16825],[77.34926,16.16352],[77.35723,16.1588],[77.3652,16.15408],[77.37317,16.14936],[77.38113,16.14463],[77.3891,16.13991],[77.39707,16.13518],[77.40504,16.13046],[77.413,16.12573],[77.42097,16.12101],[77.42893,16.11628],[77.4369,16.11156],[77.44487,16.10683],[77.45283,16.10211],[77.46079,16.09738],[77.46876,16.09265],[77.47672,16.08793],[77.48468,16.0832],[77.49265,16.07847],[77.50061,16.07374],[77.50857,16.06901],[77.51653,16.06428],[77.52449,16.05956],[77.53246,16.05483],[77.54042,16.0501],[77.54838,16.04537],[77.55634,16.04064],[77.5643,16.03591],[77.57225,16.03118],[77.58021,16.02644],[77.58817,16.02171],[77.59613,16.01698],[77.60409,16.01225],[77.61204,16.00752],[77.62,16.00278],[77.62796,15.99805],[77.63591,15.99332],[77.64387,15.98859],[77.65182,15.98385],[77.65978,15.97912],[77.66773,15.97438],[77.67569,15.96965],[77.68364,15.96491],[77.69159,15.96018],[77.69955,15.95544],[77.7075,15.95071],[77.71545,15.94597],[77.7234,15.94123],[77.73136,15.9365],[77.73931,15.93176],[77.74726,15.92702],[77.75521,15.92229],[77.76316,15.91755],[77.77111,15.91281],[77.77906,15.90807],[77.78701,15.90333],[77.79495,15.89859],[77.8029,15.89385],[77.81085,15.88911],[77.8188,15.88437],[77.82675,15.87963],[77.83469,15.87489],[77.84264,15.87015],[77.85058,15.86541],[77.85853,15.86067],[77.86647,15.85593],[77.87442,15.85119],[77.88236,15.84644],[77.89031,15.8417],[77.89825,15.83696],[77.9062,15.83222],[77.91414,15.82747],[77.92208,15.82273],[77.93002,15.81798],[77.93796,15.81324],[77.94591,15.8085],[77.95385,15.80375],[77.96179,15.79901],[77.96973,15.79426],[77.97767,15.78951],[77.98561,15.78477],[77.99355,15.78002],[78.00149,15.77528],[78.00942,15.77053],[78.01736,15.76578],[78.0253,15.76103],[78.03324,15.75629],[78.04118,15.75154],[78.04911,15.74679],[78.05705,15.74204],[78.06498,15.73729],[78.07292,15.73254],[78.08086,15.72779],[78.08879,15.72304],[78.09672,15.71829],[78.10466,15.71354],[78.11259,15.70879],[78.12053,15.70404],[78.12846,15.69929],[78.13639,15.69454],[78.14432,15.68979],[78.15226,15.68503],[78.16019,15.68028],[78.16812,15.67553],[78.17605,15.67078]]},"properties":{"id":"pl-004","kind":"pg-line","name":"Raichur to Kurnool SC Line2 765KV PGCIL Line","voltage":765,"service":"In Service","lengthKm":112.012}},{"type":"Feature","id":"pl-005","geometry":{"type":"LineString","coordinates":[[78.79873,14.38456],[78.80161,14.37597],[78.80448,14.36738],[78.80736,14.3588],[78.81024,14.35021],[78.81311,14.34162],[78.81599,14.33304],[78.81886,14.32445],[78.82174,14.31586],[78.82461,14.30727],[78.82749,14.29869],[78.83036,14.2901],[78.83324,14.28151],[78.83611,14.27292],[78.83899,14.26434],[78.84186,14.25575],[78.84473,14.24716],[78.84761,14.23857],[78.85048,14.22998],[78.85335,14.2214],[78.85622,14.21281],[78.8591,14.20422],[78.86197,14.19563],[78.86484,14.18705],[78.86771,14.17846],[78.87058,14.16987],[78.87346,14.16128],[78.87633,14.15269],[78.8792,14.1441],[78.88207,14.13552],[78.88494,14.12693],[78.88781,14.11834],[78.89068,14.10975],[78.89355,14.10116],[78.89642,14.09258],[78.89929,14.08399],[78.90216,14.0754],[78.90503,14.06681],[78.90789,14.05822],[78.91076,14.04963],[78.91363,14.04104],[78.9165,14.03246],[78.91937,14.02387],[78.92223,14.01528],[78.9251,14.00669],[78.92797,13.9981],[78.93084,13.98951],[78.9337,13.98092],[78.93657,13.97233],[78.93944,13.96374],[78.9423,13.95516],[78.94517,13.94657],[78.94803,13.93798],[78.9509,13.92939],[78.95376,13.9208],[78.95663,13.91221],[78.95949,13.90362],[78.96236,13.89503],[78.96522,13.88644],[78.96809,13.87785],[78.97095,13.86926],[78.97382,13.86067],[78.97668,13.85208],[78.97954,13.84349],[78.98241,13.8349],[78.98527,13.82631],[78.98813,13.81773],[78.99099,13.80914],[78.99386,13.80055],[78.99672,13.79196],[78.99958,13.78337],[79.00244,13.77478],[79.0053,13.76619],[79.00816,13.7576],[79.01103,13.74901],[79.01389,13.74042],[79.01675,13.73183],[79.01961,13.72324],[79.02247,13.71465],[79.02533,13.70606],[79.02819,13.69747],[79.03105,13.68888],[79.03391,13.68028],[79.03677,13.67169],[79.03963,13.6631],[79.04248,13.65451],[79.04534,13.64592],[79.0482,13.63733],[79.05106,13.62874],[79.05392,13.62015],[79.05678,13.61156],[79.05963,13.60297],[79.06249,13.59438],[79.06535,13.58579],[79.0682,13.5772],[79.07106,13.56861],[79.07392,13.56002],[79.07677,13.55143],[79.07963,13.54283],[79.08249,13.53424],[79.08534,13.52565],[79.0882,13.51706],[79.09105,13.50847],[79.09391,13.49988],[79.09676,13.49129],[79.09962,13.4827],[79.10247,13.47411],[79.10533,13.46551],[79.10818,13.45692],[79.11103,13.44833],[79.11389,13.43974],[79.11674,13.43115],[79.11959,13.42256],[79.12245,13.41397],[79.1253,13.40537],[79.12815,13.39678],[79.13101,13.38819],[79.13386,13.3796],[79.13671,13.37101],[79.13956,13.36242],[79.14241,13.35382],[79.14526,13.34523],[79.14812,13.33664],[79.15097,13.32805],[79.15382,13.31946],[79.15667,13.31087],[79.15952,13.30227],[79.16237,13.29368],[79.16522,13.28509],[79.16807,13.2765],[79.17092,13.2679],[79.17377,13.25931],[79.17662,13.25072],[79.17947,13.24213],[79.18232,13.23354],[79.18516,13.22494],[79.18801,13.21635],[79.19086,13.20776],[79.19371,13.19917],[79.19656,13.19057],[79.1994,13.18198],[79.20225,13.17339],[79.2051,13.1648],[79.20795,13.1562],[79.21079,13.14761],[79.21364,13.13902],[79.21649,13.13043],[79.21933,13.12183],[79.22218,13.11324],[79.22502,13.10465],[79.22787,13.09605],[79.23072,13.08746],[79.23356,13.07887],[79.23641,13.07028],[79.23925,13.06168],[79.2421,13.05309],[79.24494,13.0445]]},"properties":{"id":"pl-005","kind":"pg-line","name":"Kadapa - Tiruvalam 765 DC line","voltage":765,"service":"In Service","lengthKm":156.61}},{"type":"Feature","id":"pl-006","geometry":{"type":"LineString","coordinates":[[84.45264,18.80623],[84.44502,18.80089],[84.43741,18.79555],[84.42979,18.7902],[84.42218,18.78486],[84.41457,18.77951],[84.40695,18.77417],[84.39934,18.76883],[84.39173,18.76348],[84.38412,18.75814],[84.37651,18.75279],[84.3689,18.74744],[84.36128,18.7421],[84.35368,18.73675],[84.34607,18.7314],[84.33846,18.72606],[84.33085,18.72071],[84.32324,18.71536],[84.31563,18.71001],[84.30803,18.70467],[84.30042,18.69932],[84.29281,18.69397],[84.28521,18.68862],[84.2776,18.68327],[84.27,18.67792],[84.26239,18.67257],[84.25479,18.66722],[84.24719,18.66187],[84.23959,18.65652],[84.23198,18.65116],[84.22438,18.64581],[84.21678,18.64046],[84.20918,18.63511],[84.20158,18.62976],[84.19398,18.6244],[84.18638,18.61905],[84.17878,18.61369],[84.17118,18.60834],[84.16359,18.60299],[84.15599,18.59763],[84.14839,18.59228],[84.14079,18.58692],[84.1332,18.58157],[84.1256,18.57621],[84.11801,18.57085],[84.11041,18.5655],[84.10282,18.56014],[84.09523,18.55478],[84.08763,18.54943],[84.08004,18.54407],[84.07245,18.53871],[84.06486,18.53335],[84.05726,18.52799],[84.04967,18.52263],[84.04208,18.51728],[84.03449,18.51192],[84.0269,18.50656],[84.01932,18.5012],[84.01173,18.49584],[84.00414,18.49047],[83.99655,18.48511],[83.98896,18.47975],[83.98138,18.47439],[83.97379,18.46903],[83.96621,18.46367],[83.95862,18.4583],[83.95104,18.45294],[83.94345,18.44758],[83.93587,18.44221],[83.92829,18.43685],[83.9207,18.43149],[83.91312,18.42612],[83.90554,18.42076],[83.89796,18.41539],[83.89038,18.41003],[83.8828,18.40466],[83.87522,18.39929],[83.86764,18.39393],[83.86006,18.38856],[83.85248,18.38319],[83.8449,18.37783],[83.83732,18.37246],[83.82975,18.36709],[83.82217,18.36172],[83.81459,18.35636],[83.80702,18.35099],[83.79944,18.34562],[83.79187,18.34025],[83.78429,18.33488],[83.77672,18.32951],[83.76915,18.32414],[83.76157,18.31877],[83.754,18.3134],[83.74643,18.30803],[83.73886,18.30265],[83.73129,18.29728],[83.72372,18.29191],[83.71615,18.28654],[83.70858,18.28117],[83.70101,18.27579],[83.69344,18.27042],[83.68587,18.26505],[83.6783,18.25967],[83.67074,18.2543],[83.66317,18.24892],[83.6556,18.24355],[83.64804,18.23817],[83.64047,18.2328],[83.63291,18.22742],[83.62534,18.22205],[83.61778,18.21667],[83.61021,18.21129],[83.60265,18.20592],[83.59509,18.20054],[83.58753,18.19516],[83.57996,18.18978],[83.5724,18.18441],[83.56484,18.17903],[83.55728,18.17365],[83.54972,18.16827],[83.54216,18.16289],[83.5346,18.15751],[83.52704,18.15213],[83.51949,18.14675],[83.51193,18.14137],[83.50437,18.13599],[83.49682,18.13061],[83.48926,18.12523],[83.4817,18.11984],[83.47415,18.11446],[83.46659,18.10908],[83.45904,18.1037],[83.45149,18.09831],[83.44393,18.09293],[83.43638,18.08755],[83.42883,18.08216],[83.42127,18.07678],[83.41372,18.0714],[83.40617,18.06601],[83.39862,18.06063],[83.39107,18.05524],[83.38352,18.04986],[83.37597,18.04447],[83.36842,18.03908],[83.36087,18.0337],[83.35333,18.02831],[83.34578,18.02292],[83.33823,18.01754],[83.33069,18.01215],[83.32314,18.00676],[83.31559,18.00137],[83.30805,17.99598],[83.3005,17.99059],[83.29296,17.9852],[83.28542,17.97982],[83.27787,17.97443],[83.27033,17.96904],[83.26279,17.96365],[83.25525,17.95825],[83.2477,17.95286],[83.24016,17.94747],[83.23262,17.94208],[83.22508,17.93669],[83.21754,17.9313],[83.21,17.9259],[83.20247,17.92051],[83.19493,17.91512],[83.18739,17.90973],[83.17985,17.90433],[83.17231,17.89894],[83.16478,17.89354],[83.15724,17.88815],[83.14971,17.88275],[83.14217,17.87736],[83.13464,17.87196],[83.1271,17.86657],[83.11957,17.86117],[83.11204,17.85578],[83.1045,17.85038],[83.09697,17.84498],[83.08944,17.83959],[83.08191,17.83419],[83.07438,17.82879],[83.06685,17.82339],[83.05932,17.81799],[83.05179,17.8126],[83.04426,17.8072],[83.03673,17.8018],[83.0292,17.7964],[83.02167,17.791],[83.01414,17.7856],[83.00662,17.7802],[82.99909,17.7748],[82.99157,17.7694],[82.98404,17.764],[82.97651,17.75859],[82.96899,17.75319],[82.96147,17.74779],[82.95394,17.74239],[82.94642,17.73698],[82.9389,17.73158],[82.93137,17.72618],[82.92385,17.72077],[82.91633,17.71537],[82.90881,17.70997],[82.90129,17.70456],[82.89377,17.69916],[82.88625,17.69375],[82.87873,17.68835],[82.87121,17.68294],[82.86369,17.67754],[82.85617,17.67213],[82.84866,17.66672],[82.84114,17.66132],[82.83362,17.65591],[82.82611,17.6505],[82.81859,17.64509],[82.81108,17.63969],[82.80356,17.63428],[82.79605,17.62887],[82.78853,17.62346],[82.78102,17.61805],[82.77351,17.61264],[82.76599,17.60723],[82.75848,17.60182],[82.75097,17.59641],[82.74346,17.591],[82.73595,17.58559],[82.72844,17.58018],[82.72093,17.57477],[82.71342,17.56936],[82.70591,17.56395],[82.6984,17.55853],[82.69089,17.55312],[82.68339,17.54771],[82.67588,17.54229],[82.66837,17.53688],[82.66087,17.53147],[82.65336,17.52605],[82.64585,17.52064],[82.63835,17.51523],[82.63084,17.50981],[82.62334,17.5044],[82.61584,17.49898],[82.60833,17.49356],[82.60083,17.48815],[82.59333,17.48273],[82.58583,17.47732],[82.57833,17.4719],[82.57082,17.46648],[82.56332,17.46106],[82.55582,17.45565],[82.54832,17.45023],[82.54083,17.44481],[82.53333,17.43939],[82.52583,17.43397],[82.51833,17.42855],[82.51083,17.42313],[82.50334,17.41771],[82.49584,17.41229],[82.48834,17.40687],[82.48085,17.40145],[82.47335,17.39603],[82.46586,17.39061],[82.45836,17.38519],[82.45087,17.37977],[82.44338,17.37435],[82.43588,17.36892],[82.42839,17.3635],[82.4209,17.35808],[82.41341,17.35266],[82.40592,17.34723],[82.39843,17.34181],[82.39094,17.33638],[82.38345,17.33096],[82.37596,17.32554],[82.36847,17.32011],[82.36098,17.31469],[82.35349,17.30926],[82.346,17.30384],[82.33852,17.29841],[82.33103,17.29298],[82.32354,17.28756],[82.31606,17.28213],[82.30857,17.2767],[82.30109,17.27128],[82.2936,17.26585],[82.28612,17.26042],[82.27863,17.25499],[82.27115,17.24956],[82.26367,17.24413],[82.25618,17.23871],[82.2487,17.23328],[82.24122,17.22785],[82.23374,17.22242],[82.22626,17.21699],[82.21878,17.21156],[82.2113,17.20613],[82.20382,17.20069],[82.19634,17.19526],[82.18886,17.18983],[82.18138,17.1844],[82.17391,17.17897],[82.16643,17.17354],[82.15895,17.1681],[82.15148,17.16267],[82.144,17.15724],[82.13652,17.1518],[82.12905,17.14637],[82.12157,17.14094],[82.1141,17.1355],[82.10663,17.13007],[82.09915,17.12463],[82.09168,17.1192],[82.08421,17.11376],[82.07674,17.10832],[82.06926,17.10289],[82.06179,17.09745],[82.05432,17.09202]]},"properties":{"id":"pl-006","kind":"pg-line","name":"Srikakulam- Vemagiri PG 765 DC line","voltage":765,"service":"In Service","lengthKm":317.317}},{"type":"Feature","id":"pl-007","geometry":{"type":"LineString","coordinates":[[82.05432,17.09202],[82.04571,17.0885],[82.0371,17.08498],[82.02848,17.08147],[82.01987,17.07795],[82.01126,17.07443],[82.00264,17.07091],[81.99403,17.06739],[81.98542,17.06387],[81.97681,17.06036],[81.9682,17.05684],[81.95959,17.05332],[81.95098,17.0498],[81.94237,17.04627],[81.93376,17.04275],[81.92515,17.03923],[81.91654,17.03571],[81.90793,17.03219],[81.89932,17.02866],[81.89071,17.02514],[81.8821,17.02162],[81.8735,17.01809],[81.86489,17.01457],[81.85628,17.01105],[81.84768,17.00752],[81.83907,17.004],[81.83046,17.00047],[81.82186,16.99694],[81.81325,16.99342],[81.80465,16.98989],[81.79604,16.98636],[81.78744,16.98284],[81.77884,16.97931],[81.77023,16.97578],[81.76163,16.97225],[81.75303,16.96872],[81.74442,16.9652],[81.73582,16.96167],[81.72722,16.95814],[81.71862,16.95461],[81.71001,16.95107],[81.70141,16.94754],[81.69281,16.94401],[81.68421,16.94048],[81.67561,16.93695],[81.66701,16.93342],[81.65841,16.92988],[81.64981,16.92635],[81.64121,16.92282],[81.63262,16.91928],[81.62402,16.91575],[81.61542,16.91221],[81.60682,16.90868],[81.59823,16.90514],[81.58963,16.90161],[81.58103,16.89807],[81.57244,16.89453],[81.56384,16.891],[81.55524,16.88746],[81.54665,16.88392],[81.53805,16.88039],[81.52946,16.87685],[81.52086,16.87331],[81.51227,16.86977],[81.50368,16.86623],[81.49508,16.86269],[81.48649,16.85915],[81.4779,16.85561],[81.4693,16.85207],[81.46071,16.84853],[81.45212,16.84499],[81.44353,16.84144],[81.43494,16.8379],[81.42635,16.83436],[81.41776,16.83082],[81.40917,16.82727],[81.40058,16.82373],[81.39199,16.82019],[81.3834,16.81664],[81.37481,16.8131],[81.36622,16.80955],[81.35763,16.80601],[81.34904,16.80246],[81.34046,16.79891],[81.33187,16.79537],[81.32328,16.79182],[81.3147,16.78827],[81.30611,16.78473],[81.29752,16.78118],[81.28894,16.77763],[81.28035,16.77408],[81.27177,16.77053],[81.26318,16.76698],[81.2546,16.76343],[81.24601,16.75988],[81.23743,16.75633],[81.22885,16.75278],[81.22026,16.74923],[81.21168,16.74568],[81.2031,16.74213],[81.19451,16.73857],[81.18593,16.73502],[81.17735,16.73147],[81.16877,16.72791],[81.16019,16.72436],[81.15161,16.72081],[81.14303,16.71725],[81.13445,16.7137],[81.12587,16.71014],[81.11729,16.70659],[81.10871,16.70303],[81.10013,16.69948],[81.09155,16.69592],[81.08297,16.69236],[81.0744,16.6888],[81.06582,16.68525],[81.05724,16.68169],[81.04866,16.67813],[81.04009,16.67457],[81.03151,16.67101],[81.02294,16.66745],[81.01436,16.66389],[81.00579,16.66033],[80.99721,16.65677],[80.98864,16.65321],[80.98006,16.64965],[80.97149,16.64609],[80.96291,16.64253],[80.95434,16.63896],[80.94577,16.6354],[80.93719,16.63184],[80.92862,16.62828],[80.92005,16.62471],[80.91148,16.62115],[80.90291,16.61758],[80.89434,16.61402],[80.88576,16.61045],[80.87719,16.60689],[80.86862,16.60332],[80.86005,16.59976],[80.85148,16.59619],[80.84292,16.59262],[80.83435,16.58906],[80.82578,16.58549],[80.81721,16.58192],[80.80864,16.57835],[80.80007,16.57478],[80.79151,16.57121],[80.78294,16.56764],[80.77437,16.56407],[80.76581,16.5605],[80.75724,16.55693],[80.74867,16.55336],[80.74011,16.54979],[80.73154,16.54622],[80.72298,16.54265],[80.71441,16.53908],[80.70585,16.5355],[80.69729,16.53193],[80.68872,16.52836],[80.68016,16.52478],[80.6716,16.52121],[80.66303,16.51764],[80.65447,16.51406],[80.64591,16.51049],[80.63735,16.50691],[80.62879,16.50334],[80.62023,16.49976],[80.61166,16.49618],[80.6031,16.49261],[80.59454,16.48903],[80.58598,16.48545],[80.57743,16.48187],[80.56887,16.4783],[80.56031,16.47472],[80.55175,16.47114],[80.54319,16.46756],[80.53463,16.46398],[80.52607,16.4604],[80.51752,16.45682],[80.50896,16.45324],[80.5004,16.44966],[80.49185,16.44608],[80.48329,16.44249],[80.47474,16.43891],[80.46618,16.43533],[80.45763,16.43175],[80.44907,16.42816],[80.44052,16.42458],[80.43196,16.421],[80.42341,16.41741],[80.41485,16.41383],[80.4063,16.41024],[80.39775,16.40666],[80.3892,16.40307],[80.38064,16.39949],[80.37209,16.3959],[80.36354,16.39231],[80.35499,16.38873],[80.34644,16.38514],[80.33789,16.38155],[80.32934,16.37796],[80.32079,16.37438],[80.31224,16.37079],[80.30369,16.3672],[80.29514,16.36361],[80.28659,16.36002],[80.27804,16.35643],[80.26949,16.35284],[80.26094,16.34925],[80.2524,16.34566],[80.24385,16.34207],[80.2353,16.33847],[80.22676,16.33488],[80.21821,16.33129],[80.20966,16.3277],[80.20112,16.3241],[80.19257,16.32051],[80.18403,16.31692],[80.17548,16.31332],[80.16694,16.30973],[80.15839,16.30613],[80.14985,16.30254],[80.14131,16.29894],[80.13276,16.29534],[80.12422,16.29175],[80.11568,16.28815],[80.10714,16.28455],[80.09859,16.28096],[80.09005,16.27736],[80.08151,16.27376],[80.07297,16.27016],[80.06443,16.26656],[80.05589,16.26297],[80.04735,16.25937],[80.03881,16.25577],[80.03027,16.25217],[80.02173,16.24857],[80.01319,16.24496],[80.00465,16.24136],[79.99611,16.23776],[79.98758,16.23416],[79.97904,16.23056],[79.9705,16.22696],[79.96197,16.22335],[79.95343,16.21975],[79.94489,16.21615]]},"properties":{"id":"pl-007","kind":"pg-line","name":"Vemagiri PG - CH Peta 765 DC Line","voltage":765,"service":"UC","lengthKm":244.912}},{"type":"Feature","id":"pl-008","geometry":{"type":"LineString","coordinates":[[79.94489,16.21615],[79.94357,16.22508],[79.94225,16.23401],[79.94093,16.24295],[79.93962,16.25188],[79.9383,16.26082],[79.93698,16.26975],[79.93566,16.27868],[79.93434,16.28762],[79.93302,16.29655],[79.9317,16.30549],[79.93038,16.31442],[79.92906,16.32335],[79.92773,16.33229],[79.92641,16.34122],[79.92509,16.35016],[79.92377,16.35909],[79.92245,16.36802],[79.92113,16.37696],[79.91981,16.38589],[79.91849,16.39483],[79.91717,16.40376],[79.91585,16.41269],[79.91452,16.42163],[79.9132,16.43056],[79.91188,16.4395],[79.91056,16.44843],[79.90924,16.45736],[79.90791,16.4663],[79.90659,16.47523],[79.90527,16.48416],[79.90395,16.4931],[79.90262,16.50203],[79.9013,16.51096],[79.89998,16.5199],[79.89865,16.52883],[79.89733,16.53777],[79.89601,16.5467],[79.89468,16.55563],[79.89336,16.56457],[79.89204,16.5735],[79.89071,16.58243],[79.88939,16.59137],[79.88806,16.6003],[79.88674,16.60923],[79.88542,16.61817],[79.88409,16.6271],[79.88277,16.63603],[79.88144,16.64497],[79.88012,16.6539],[79.87879,16.66283],[79.87747,16.67177],[79.87614,16.6807],[79.87482,16.68963],[79.87349,16.69857],[79.87216,16.7075],[79.87084,16.71643],[79.86951,16.72537],[79.86819,16.7343],[79.86686,16.74323],[79.86554,16.75217],[79.86421,16.7611],[79.86288,16.77003],[79.86156,16.77897],[79.86023,16.7879],[79.8589,16.79683],[79.85758,16.80577],[79.85625,16.8147],[79.85492,16.82363],[79.85359,16.83257],[79.85227,16.8415],[79.85094,16.85043],[79.84961,16.85936],[79.84828,16.8683],[79.84695,16.87723],[79.84563,16.88616],[79.8443,16.8951],[79.84297,16.90403],[79.84164,16.91296],[79.84031,16.92189],[79.83898,16.93083],[79.83766,16.93976],[79.83633,16.94869],[79.835,16.95763],[79.83367,16.96656],[79.83234,16.97549],[79.83101,16.98442],[79.82968,16.99336],[79.82835,17.00229],[79.82702,17.01122],[79.82569,17.02016],[79.82436,17.02909],[79.82303,17.03802],[79.8217,17.04695],[79.82037,17.05589],[79.81904,17.06482],[79.81771,17.07375],[79.81638,17.08268],[79.81505,17.09162],[79.81372,17.10055],[79.81238,17.10948],[79.81105,17.11841],[79.80972,17.12735],[79.80839,17.13628],[79.80706,17.14521],[79.80573,17.15414],[79.80439,17.16308],[79.80306,17.17201],[79.80173,17.18094],[79.8004,17.18987],[79.79906,17.19881],[79.79773,17.20774],[79.7964,17.21667],[79.79507,17.2256],[79.79373,17.23454],[79.7924,17.24347],[79.79107,17.2524],[79.78973,17.26133],[79.7884,17.27026],[79.78707,17.2792],[79.78573,17.28813],[79.7844,17.29706],[79.78306,17.30599],[79.78173,17.31493],[79.7804,17.32386],[79.77906,17.33279],[79.77773,17.34172],[79.77639,17.35065],[79.77506,17.35959],[79.77372,17.36852],[79.77239,17.37745],[79.77105,17.38638],[79.76972,17.39531],[79.76838,17.40425],[79.76705,17.41318],[79.76571,17.42211],[79.76437,17.43104],[79.76304,17.43997],[79.7617,17.44891],[79.76037,17.45784],[79.75903,17.46677],[79.75769,17.4757],[79.75636,17.48463],[79.75502,17.49357],[79.75368,17.5025],[79.75235,17.51143],[79.75101,17.52036],[79.74967,17.52929],[79.74833,17.53822],[79.747,17.54716],[79.74566,17.55609],[79.74432,17.56502],[79.74298,17.57395],[79.74165,17.58288],[79.74031,17.59181],[79.73897,17.60075],[79.73763,17.60968],[79.73629,17.61861],[79.73495,17.62754],[79.73361,17.63647],[79.73227,17.6454],[79.73094,17.65434],[79.7296,17.66327],[79.72826,17.6722],[79.72692,17.68113],[79.72558,17.69006],[79.72424,17.69899],[79.7229,17.70792],[79.72156,17.71686],[79.72022,17.72579],[79.71888,17.73472],[79.71754,17.74365],[79.7162,17.75258],[79.71486,17.76151],[79.71352,17.77044],[79.71217,17.77938],[79.71083,17.78831],[79.70949,17.79724],[79.70815,17.80617],[79.70681,17.8151],[79.70547,17.82403],[79.70413,17.83296],[79.70278,17.84189],[79.70144,17.85082],[79.7001,17.85976],[79.69876,17.86869],[79.69741,17.87762],[79.69607,17.88655],[79.69473,17.89548],[79.69339,17.90441],[79.69204,17.91334],[79.6907,17.92227],[79.68936,17.9312],[79.68801,17.94014],[79.68667,17.94907],[79.68533,17.958],[79.68398,17.96693],[79.68264,17.97586],[79.68129,17.98479],[79.67995,17.99372],[79.67861,18.00265],[79.67726,18.01158],[79.67592,18.02051],[79.67457,18.02944],[79.67323,18.03837],[79.67188,18.04731],[79.67054,18.05624]]},"properties":{"id":"pl-008","kind":"pg-line","name":"CH Peta - Warangal 765 DC line","voltage":765,"service":"UC","lengthKm":206.675}},{"type":"Feature","id":"pl-009","geometry":{"type":"LineString","coordinates":[[79.94489,16.21615],[79.94003,16.20846],[79.93518,16.20077],[79.93032,16.19308],[79.92546,16.1854],[79.9206,16.17771],[79.91575,16.17002],[79.91089,16.16233],[79.90603,16.15464],[79.90118,16.14696],[79.89632,16.13927],[79.89147,16.13158],[79.88661,16.12389],[79.88176,16.1162],[79.87691,16.10851],[79.87205,16.10082],[79.8672,16.09313],[79.86235,16.08545],[79.8575,16.07776],[79.85264,16.07007],[79.84779,16.06238],[79.84294,16.05469],[79.83809,16.047],[79.83324,16.03931],[79.82839,16.03162],[79.82354,16.02393],[79.81869,16.01624],[79.81384,16.00855],[79.809,16.00086],[79.80415,15.99317],[79.7993,15.98548],[79.79445,15.97778],[79.78961,15.97009],[79.78476,15.9624],[79.77991,15.95471],[79.77507,15.94702],[79.77022,15.93933],[79.76538,15.93164],[79.76053,15.92395],[79.75569,15.91625],[79.75084,15.90856],[79.746,15.90087],[79.74116,15.89318],[79.73631,15.88549],[79.73147,15.87779],[79.72663,15.8701],[79.72179,15.86241],[79.71695,15.85472],[79.71211,15.84702],[79.70726,15.83933],[79.70242,15.83164],[79.69758,15.82394],[79.69274,15.81625],[79.68791,15.80856],[79.68307,15.80086],[79.67823,15.79317],[79.67339,15.78548],[79.66855,15.77778],[79.66372,15.77009],[79.65888,15.76239],[79.65404,15.7547],[79.64921,15.74701],[79.64437,15.73931],[79.63953,15.73162],[79.6347,15.72392],[79.62986,15.71623],[79.62503,15.70853],[79.6202,15.70084],[79.61536,15.69314],[79.61053,15.68545],[79.6057,15.67775],[79.60086,15.67006],[79.59603,15.66236],[79.5912,15.65467],[79.58637,15.64697],[79.58154,15.63928],[79.5767,15.63158],[79.57187,15.62388],[79.56704,15.61619],[79.56221,15.60849],[79.55739,15.60079],[79.55256,15.5931],[79.54773,15.5854],[79.5429,15.57771],[79.53807,15.57001],[79.53324,15.56231],[79.52842,15.55461],[79.52359,15.54692],[79.51876,15.53922],[79.51394,15.53152],[79.50911,15.52383],[79.50429,15.51613],[79.49946,15.50843],[79.49464,15.50073],[79.48981,15.49303],[79.48499,15.48534],[79.48016,15.47764],[79.47534,15.46994],[79.47052,15.46224],[79.46569,15.45454],[79.46087,15.44684],[79.45605,15.43915],[79.45123,15.43145],[79.44641,15.42375],[79.44159,15.41605],[79.43677,15.40835],[79.43195,15.40065],[79.42713,15.39295],[79.42231,15.38525],[79.41749,15.37755],[79.41267,15.36985],[79.40785,15.36215],[79.40303,15.35445],[79.39822,15.34675],[79.3934,15.33905],[79.38858,15.33135],[79.38376,15.32365],[79.37895,15.31595],[79.37413,15.30825],[79.36932,15.30055],[79.3645,15.29285],[79.35969,15.28515],[79.35487,15.27745],[79.35006,15.26975],[79.34525,15.26205],[79.34043,15.25434],[79.33562,15.24664],[79.33081,15.23894],[79.32599,15.23124],[79.32118,15.22354],[79.31637,15.21584],[79.31156,15.20813],[79.30675,15.20043],[79.30194,15.19273],[79.29713,15.18503],[79.29232,15.17733],[79.28751,15.16962],[79.2827,15.16192],[79.27789,15.15422],[79.27308,15.14651],[79.26827,15.13881],[79.26346,15.13111],[79.25866,15.12341],[79.25385,15.1157],[79.24904,15.108],[79.24424,15.1003],[79.23943,15.09259],[79.23463,15.08489],[79.22982,15.07718],[79.22501,15.06948],[79.22021,15.06178],[79.21541,15.05407],[79.2106,15.04637],[79.2058,15.03866],[79.20099,15.03096],[79.19619,15.02325],[79.19139,15.01555],[79.18659,15.00785],[79.18179,15.00014],[79.17698,14.99244],[79.17218,14.98473],[79.16738,14.97703],[79.16258,14.96932],[79.15778,14.96161],[79.15298,14.95391],[79.14818,14.9462],[79.14338,14.9385],[79.13858,14.93079],[79.13378,14.92309],[79.12899,14.91538],[79.12419,14.90767],[79.11939,14.89997],[79.11459,14.89226],[79.1098,14.88455],[79.105,14.87685],[79.1002,14.86914],[79.09541,14.86143],[79.09061,14.85373],[79.08582,14.84602],[79.08102,14.83831],[79.07623,14.83061],[79.07144,14.8229],[79.06664,14.81519],[79.06185,14.80748],[79.05705,14.79978],[79.05226,14.79207],[79.04747,14.78436],[79.04268,14.77665],[79.03789,14.76895],[79.03309,14.76124],[79.0283,14.75353],[79.02351,14.74582],[79.01872,14.73811],[79.01393,14.7304],[79.00914,14.72269],[79.00435,14.71499],[78.99956,14.70728],[78.99478,14.69957],[78.98999,14.69186],[78.9852,14.68415],[78.98041,14.67644],[78.97562,14.66873],[78.97084,14.66102],[78.96605,14.65331],[78.96126,14.6456],[78.95648,14.63789],[78.95169,14.63018],[78.94691,14.62247],[78.94212,14.61476],[78.93734,14.60705],[78.93255,14.59934],[78.92777,14.59163],[78.92299,14.58392],[78.9182,14.57621],[78.91342,14.5685],[78.90864,14.56079],[78.90385,14.55308],[78.89907,14.54537],[78.89429,14.53766],[78.88951,14.52994],[78.88473,14.52223],[78.87995,14.51452],[78.87517,14.50681],[78.87039,14.4991],[78.86561,14.49139],[78.86083,14.48368],[78.85605,14.47596],[78.85127,14.46825],[78.84649,14.46054],[78.84171,14.45283],[78.83694,14.44511],[78.83216,14.4374],[78.82738,14.42969],[78.82261,14.42198],[78.81783,14.41426],[78.81305,14.40655],[78.80828,14.39884],[78.8035,14.39113],[78.79873,14.38341]]},"properties":{"id":"pl-009","kind":"pg-line","name":"CH Peta - Kadapa 765 DC line","voltage":765,"service":"UC","lengthKm":237.994}},{"type":"Feature","id":"pl-010","geometry":{"type":"LineString","coordinates":[[78.17792,15.67245],[78.18015,15.68117],[78.18239,15.68989],[78.18463,15.69861],[78.18687,15.70733],[78.1891,15.71605],[78.19134,15.72477],[78.19358,15.73349],[78.19582,15.74221],[78.19806,15.75093],[78.2003,15.75965],[78.20254,15.76837],[78.20478,15.77709],[78.20702,15.78581],[78.20926,15.79453],[78.2115,15.80325],[78.21374,15.81196],[78.21598,15.82068],[78.21822,15.8294],[78.22046,15.83812],[78.2227,15.84684],[78.22494,15.85556],[78.22719,15.86428],[78.22943,15.873],[78.23167,15.88172],[78.23391,15.89044],[78.23615,15.89916],[78.2384,15.90788],[78.24064,15.9166],[78.24288,15.92532],[78.24513,15.93404],[78.24737,15.94276],[78.24961,15.95147],[78.25186,15.96019],[78.2541,15.96891],[78.25634,15.97763],[78.25859,15.98635],[78.26083,15.99507],[78.26308,16.00379],[78.26532,16.01251],[78.26757,16.02123],[78.26981,16.02995],[78.27206,16.03866],[78.2743,16.04738],[78.27655,16.0561],[78.2788,16.06482],[78.28104,16.07354],[78.28329,16.08226],[78.28554,16.09098],[78.28778,16.0997],[78.29003,16.10841],[78.29228,16.11713],[78.29452,16.12585],[78.29677,16.13457],[78.29902,16.14329],[78.30127,16.15201],[78.30352,16.16073],[78.30576,16.16944],[78.30801,16.17816],[78.31026,16.18688],[78.31251,16.1956],[78.31476,16.20432],[78.31701,16.21304],[78.31926,16.22175],[78.32151,16.23047],[78.32376,16.23919],[78.32601,16.24791],[78.32826,16.25663],[78.33051,16.26534],[78.33276,16.27406],[78.33501,16.28278],[78.33726,16.2915],[78.33951,16.30022],[78.34177,16.30893],[78.34402,16.31765],[78.34627,16.32637],[78.34852,16.33509],[78.35077,16.3438],[78.35303,16.35252],[78.35528,16.36124],[78.35753,16.36996],[78.35979,16.37868],[78.36204,16.38739],[78.36429,16.39611],[78.36655,16.40483],[78.3688,16.41355],[78.37105,16.42226],[78.37331,16.43098],[78.37556,16.4397],[78.37782,16.44842],[78.38007,16.45713],[78.38233,16.46585],[78.38458,16.47457],[78.38684,16.48328],[78.3891,16.492],[78.39135,16.50072],[78.39361,16.50944],[78.39586,16.51815],[78.39812,16.52687],[78.40038,16.53559],[78.40263,16.5443],[78.40489,16.55302],[78.40715,16.56174],[78.40941,16.57046],[78.41166,16.57917],[78.41392,16.58789],[78.41618,16.59661],[78.41844,16.60532],[78.4207,16.61404],[78.42296,16.62276],[78.42522,16.63147],[78.42748,16.64019],[78.42973,16.64891],[78.43199,16.65762],[78.43425,16.66634],[78.43651,16.67506],[78.43877,16.68377],[78.44104,16.69249],[78.4433,16.70121],[78.44556,16.70992],[78.44782,16.71864],[78.45008,16.72736],[78.45234,16.73607],[78.4546,16.74479],[78.45686,16.7535],[78.45913,16.76222],[78.46139,16.77094],[78.46365,16.77965],[78.46591,16.78837],[78.46818,16.79708],[78.47044,16.8058],[78.4727,16.81452],[78.47497,16.82323],[78.47723,16.83195],[78.47949,16.84066],[78.48176,16.84938],[78.48402,16.8581],[78.48629,16.86681],[78.48855,16.87553],[78.49082,16.88424],[78.49308,16.89296],[78.49535,16.90168],[78.49761,16.91039],[78.49988,16.91911],[78.50215,16.92782],[78.50441,16.93654],[78.50668,16.94525],[78.50895,16.95397],[78.51121,16.96268],[78.51348,16.9714],[78.51575,16.98012],[78.51801,16.98883],[78.52028,16.99755],[78.52255,17.00626],[78.52482,17.01498],[78.52709,17.02369],[78.52936,17.03241],[78.53162,17.04112],[78.53389,17.04984]]},"properties":{"id":"pl-010","kind":"pg-line","name":"Kurnool - Maheswaram 765 DC line","voltage":765,"service":"UC","lengthKm":157.797}},{"type":"Feature","id":"pl-011","geometry":{"type":"LineString","coordinates":[[79.94489,16.21615],[79.95129,16.22244],[79.95769,16.22874],[80.11236,16.39494],[80.13072,16.40362],[80.13253,16.40218],[80.13226,16.40106],[80.132,16.4003],[80.13186,16.39964],[80.132,16.4003],[80.13161,16.39974]]},"properties":{"id":"pl-011","kind":"pg-line","name":"CH Peta - Sattenapalli 400 DC line","voltage":400,"service":"UC","lengthKm":29.613}},{"type":"Feature","id":"pl-012","geometry":{"type":"LineString","coordinates":[[78.17792,15.67245],[78.16994,15.67674],[78.12325,15.69575],[78.12091,15.71144],[78.1159,15.71844],[78.11427,15.71882],[78.11099,15.71676],[78.11058,15.71569],[78.10923,15.71504],[78.10862,15.71386],[78.10832,15.71306],[78.10862,15.71386],[78.10852,15.71302]]},"properties":{"id":"pl-012","kind":"pg-line","name":"Kurnool (orvakal)- Narnoor DC line","voltage":400,"service":"In Service","lengthKm":10.431}},{"type":"Feature","id":"pl-013","geometry":{"type":"LineString","coordinates":[[78.17792,15.67245],[78.18544,15.67771],[78.19297,15.68297],[78.2005,15.68823],[78.20803,15.6935],[78.21557,15.69876],[78.2231,15.70402],[78.23063,15.70928],[78.23816,15.71454],[78.24569,15.7198],[78.25323,15.72506],[78.26076,15.73032],[78.26829,15.73558],[78.27583,15.74084],[78.28336,15.7461],[78.29089,15.75136],[78.29843,15.75662],[78.30597,15.76188],[78.3135,15.76714],[78.32104,15.7724],[78.32857,15.77765],[78.33611,15.78291],[78.34365,15.78817],[78.35119,15.79343],[78.35872,15.79868],[78.36626,15.80394],[78.3738,15.8092],[78.38134,15.81445],[78.38888,15.81971],[78.39642,15.82496],[78.40396,15.83022],[78.4115,15.83547],[78.41904,15.84073],[78.42659,15.84598],[78.43413,15.85124],[78.44167,15.85649],[78.44921,15.86174],[78.45676,15.867],[78.4643,15.87225],[78.47184,15.8775],[78.47939,15.88276],[78.48693,15.88801],[78.49448,15.89326],[78.50202,15.89851],[78.50957,15.90376],[78.51712,15.90902],[78.52466,15.91427],[78.53221,15.91952],[78.53976,15.92477],[78.54731,15.93002],[78.55485,15.93527],[78.5624,15.94052],[78.56995,15.94577],[78.5775,15.95102],[78.58505,15.95626],[78.5926,15.96151],[78.60015,15.96676],[78.6077,15.97201],[78.61525,15.97726],[78.62281,15.9825],[78.63036,15.98775],[78.63791,15.993],[78.64546,15.99825],[78.65302,16.00349],[78.66057,16.00874],[78.66813,16.01398],[78.67568,16.01923],[78.68324,16.02447],[78.69079,16.02972],[78.69835,16.03496],[78.7059,16.04021],[78.71346,16.04545],[78.72102,16.0507],[78.72857,16.05594],[78.73613,16.06119],[78.74369,16.06643],[78.75125,16.07167],[78.75881,16.07691],[78.76637,16.08216],[78.77393,16.0874],[78.78149,16.09264],[78.78905,16.09788],[78.79661,16.10312],[78.80417,16.10836],[78.81173,16.11361],[78.81929,16.11885],[78.82686,16.12409],[78.83442,16.12933],[78.84198,16.13457],[78.84955,16.1398],[78.85711,16.14504],[78.86467,16.15028],[78.87224,16.15552],[78.87981,16.16076],[78.88737,16.166],[78.89494,16.17124],[78.9025,16.17647],[78.91007,16.18171],[78.91764,16.18695],[78.92521,16.19218],[78.93277,16.19742],[78.94034,16.20266],[78.94791,16.20789],[78.95548,16.21313],[78.96305,16.21836],[78.97062,16.2236],[78.97819,16.22883],[78.98576,16.23407],[78.99333,16.2393],[79.0009,16.24454],[79.00848,16.24977],[79.01605,16.255],[79.02362,16.26024],[79.0312,16.26547],[79.03877,16.2707],[79.04634,16.27593],[79.05392,16.28117],[79.06149,16.2864],[79.06907,16.29163],[79.07664,16.29686],[79.08422,16.30209],[79.0918,16.30732],[79.09937,16.31255],[79.10695,16.31778],[79.11453,16.32301],[79.12211,16.32824],[79.12969,16.33347],[79.13726,16.3387],[79.14484,16.34393],[79.15242,16.34916],[79.16,16.35439],[79.16758,16.35962],[79.17517,16.36484],[79.18275,16.37007],[79.19033,16.3753],[79.19791,16.38052],[79.20549,16.38575],[79.21308,16.39098],[79.22066,16.3962],[79.22824,16.40143],[79.23583,16.40665],[79.24341,16.41188],[79.251,16.4171],[79.25858,16.42233],[79.26617,16.42755],[79.27375,16.43278],[79.28134,16.438],[79.28893,16.44323],[79.29652,16.44845],[79.3041,16.45367],[79.31169,16.45889],[79.31928,16.46412],[79.32687,16.46934],[79.33446,16.47456],[79.34205,16.47978],[79.34964,16.485],[79.35723,16.49022],[79.36482,16.49545],[79.37241,16.50067],[79.38,16.50589],[79.3876,16.51111]]},"properties":{"id":"pl-013","kind":"pg-line","name":"Kurnool- Nagarjunasagar SC line","voltage":400,"service":"In Service","lengthKm":159.371}},{"type":"Feature","id":"pl-014","geometry":{"type":"LineString","coordinates":[[78.17792,15.67245],[78.17148,15.66603],[78.16504,15.65962],[78.1586,15.65321],[78.15217,15.64679],[78.14573,15.64038],[78.1393,15.63397],[78.13286,15.62755],[78.12643,15.62114],[78.11999,15.61472],[78.11356,15.60831],[78.10713,15.60189],[78.10069,15.59548],[78.09426,15.58906],[78.08783,15.58265],[78.0814,15.57623],[78.07496,15.56982],[78.06853,15.5634],[78.0621,15.55699],[78.05567,15.55057],[78.04924,15.54415],[78.04281,15.53774],[78.03638,15.53132],[78.02996,15.5249],[78.02353,15.51848],[78.0171,15.51207],[78.01067,15.50565],[78.00424,15.49923],[77.99782,15.49281],[77.99139,15.48639],[77.98497,15.47998],[77.97854,15.47356],[77.97212,15.46714],[77.96569,15.46072],[77.95927,15.4543],[77.95284,15.44788],[77.94642,15.44146],[77.94,15.43504],[77.93357,15.42862],[77.92715,15.4222],[77.92073,15.41578],[77.91431,15.40936],[77.90789,15.40294],[77.90147,15.39652],[77.89505,15.3901],[77.88863,15.38368],[77.88221,15.37726],[77.87579,15.37083],[77.86937,15.36441],[77.86295,15.35799],[77.85653,15.35157],[77.85011,15.34515],[77.8437,15.33872],[77.83728,15.3323],[77.83086,15.32588],[77.82445,15.31945],[77.81803,15.31303],[77.81162,15.30661],[77.8052,15.30018],[77.79879,15.29376],[77.79237,15.28733],[77.78596,15.28091],[77.77955,15.27449],[77.77313,15.26806],[77.76672,15.26164],[77.76031,15.25521],[77.7539,15.24879],[77.74749,15.24236],[77.74108,15.23594],[77.73467,15.22951],[77.72826,15.22308],[77.72185,15.21666],[77.71544,15.21023],[77.70903,15.2038],[77.70262,15.19738],[77.69621,15.19095],[77.6898,15.18452],[77.68339,15.1781],[77.67699,15.17167],[77.67058,15.16524],[77.66417,15.15881],[77.65777,15.15239]]},"properties":{"id":"pl-014","kind":"pg-line","name":"Kurnool- Gooty SC line","voltage":400,"service":"In Service","lengthKm":80.331}},{"type":"Feature","id":"pl-015","geometry":{"type":"LineString","coordinates":[[79.89992,14.25037],[79.9088,14.24861],[79.91769,14.24686],[79.92657,14.24511],[79.93546,14.24335],[79.94434,14.2416],[79.95322,14.23984],[79.96211,14.23809],[79.97099,14.23633],[79.97987,14.23458],[79.98876,14.23282],[79.99764,14.23106],[80.00652,14.22931],[80.0154,14.22755],[80.02429,14.22579],[80.03317,14.22403],[80.04205,14.22228],[80.05093,14.22052],[80.05981,14.21876],[80.0687,14.217],[80.07758,14.21524],[80.08646,14.21348]]},"properties":{"id":"pl-015","kind":"pg-line","name":"NLR PS- MEPL SC line","voltage":400,"service":"In Service","lengthKm":20.52}},{"type":"Feature","id":"pl-016","geometry":{"type":"LineString","coordinates":[[79.89992,14.25037],[79.90887,14.24831],[79.91782,14.24626],[79.92676,14.2442],[79.93571,14.24215],[79.94466,14.24009],[79.95361,14.23804],[79.96256,14.23598],[79.9715,14.23392],[79.98045,14.23187],[79.9894,14.22981],[79.99834,14.22775],[80.00729,14.22569],[80.01624,14.22364],[80.02518,14.22158],[80.03413,14.21952],[80.04308,14.21746],[80.05202,14.2154],[80.06097,14.21334],[80.06991,14.21128],[80.07886,14.20922],[80.0878,14.20716]]},"properties":{"id":"pl-016","kind":"pg-line","name":"NLR PS- SEPL SC line","voltage":400,"service":"In Service","lengthKm":20.813}},{"type":"Feature","id":"pl-017","geometry":{"type":"LineString","coordinates":[[80.68445,16.5647],[80.69309,16.56807],[80.70174,16.57143],[80.71039,16.5748],[80.71903,16.57817],[80.72768,16.58153],[80.73633,16.58489],[80.74498,16.58826],[80.75363,16.59162],[80.76227,16.59498],[80.77092,16.59835],[80.77957,16.60171],[80.78822,16.60507],[80.79687,16.60843],[80.80552,16.61179],[80.81417,16.61516],[80.82282,16.61852],[80.83148,16.62188],[80.84013,16.62524],[80.84878,16.6286],[80.85743,16.63196],[80.86608,16.63531],[80.87474,16.63867],[80.88339,16.64203],[80.89204,16.64539],[80.9007,16.64875],[80.90935,16.6521],[80.918,16.65546],[80.92666,16.65882],[80.93531,16.66217],[80.94397,16.66553],[80.95262,16.66888],[80.96128,16.67224],[80.96994,16.67559],[80.97859,16.67895],[80.98725,16.6823],[80.99591,16.68565],[81.00456,16.68901],[81.01322,16.69236],[81.02188,16.69571],[81.03054,16.69906],[81.03919,16.70241],[81.04785,16.70577],[81.05651,16.70912],[81.06517,16.71247],[81.07383,16.71582],[81.08249,16.71917],[81.09115,16.72252],[81.09981,16.72587],[81.10847,16.72921],[81.11713,16.73256],[81.12579,16.73591],[81.13446,16.73926],[81.14312,16.74261],[81.15178,16.74595],[81.16044,16.7493],[81.16911,16.75264],[81.17777,16.75599],[81.18643,16.75934],[81.1951,16.76268],[81.20376,16.76603],[81.21243,16.76937],[81.22109,16.77271],[81.22976,16.77606],[81.23842,16.7794],[81.24709,16.78274],[81.25575,16.78609],[81.26442,16.78943],[81.27309,16.79277],[81.28175,16.79611],[81.29042,16.79945],[81.29909,16.80279],[81.30775,16.80613],[81.31642,16.80947],[81.32509,16.81281],[81.33376,16.81615],[81.34243,16.81949],[81.3511,16.82283],[81.35977,16.82617],[81.36844,16.8295],[81.37711,16.83284],[81.38578,16.83618],[81.39445,16.83952],[81.40312,16.84285],[81.41179,16.84619],[81.42046,16.84952],[81.42914,16.85286],[81.43781,16.85619],[81.44648,16.85953],[81.45515,16.86286],[81.46383,16.86619],[81.4725,16.86953],[81.48117,16.87286],[81.48985,16.87619],[81.49852,16.87953],[81.5072,16.88286],[81.51587,16.88619],[81.52455,16.88952],[81.53322,16.89285],[81.5419,16.89618],[81.55058,16.89951],[81.55925,16.90284],[81.56793,16.90617],[81.57661,16.9095],[81.58528,16.91283],[81.59396,16.91616],[81.60264,16.91948],[81.61132,16.92281],[81.62,16.92614],[81.62868,16.92946],[81.63736,16.93279],[81.64604,16.93612],[81.65472,16.93944],[81.6634,16.94277],[81.67208,16.94609],[81.68076,16.94942],[81.68944,16.95274],[81.69812,16.95606],[81.7068,16.95939],[81.71548,16.96271],[81.72417,16.96603],[81.73285,16.96936],[81.74153,16.97268],[81.75021,16.976],[81.7589,16.97932],[81.76758,16.98264],[81.77627,16.98596],[81.78495,16.98928],[81.79364,16.9926],[81.80232,16.99592],[81.81101,16.99924],[81.81969,17.00256],[81.82838,17.00588],[81.83706,17.00919],[81.84575,17.01251],[81.85444,17.01583],[81.86313,17.01914],[81.87181,17.02246],[81.8805,17.02578],[81.88919,17.02909],[81.89788,17.03241],[81.90657,17.03572],[81.91526,17.03904],[81.92394,17.04235],[81.93263,17.04566],[81.94132,17.04898],[81.95001,17.05229],[81.95871,17.0556],[81.9674,17.05891],[81.97609,17.06223],[81.98478,17.06554],[81.99347,17.06885],[82.00216,17.07216],[82.01086,17.07547],[82.01955,17.07878],[82.02824,17.08209],[82.03694,17.0854],[82.04563,17.08871],[82.05432,17.09202]]},"properties":{"id":"pl-017","kind":"pg-line","name":"Nunna- Vemagiri PG- SC Line","voltage":400,"service":"In Service","lengthKm":157.148}},{"type":"Feature","id":"pl-018","geometry":{"type":"LineString","coordinates":[[80.68445,16.5647],[80.68669,16.56281],[80.68404,16.56104],[80.68115,16.55999],[80.61902,16.55778],[80.56607,16.56376],[79.88835,14.24048],[79.88595,14.23176],[79.8848,14.22457]]},"properties":{"id":"pl-018","kind":"pg-line","name":"Nunna- Nellore DC/SC line","voltage":400,"service":"In Service","lengthKm":283.473}},{"type":"Feature","id":"pl-019","geometry":{"type":"LineString","coordinates":[[80.54395,16.59421],[80.55797,16.5737],[80.56411,16.56555],[80.56607,16.56376],[79.88835,14.24048],[79.88595,14.23176],[79.88496,14.22447]]},"properties":{"id":"pl-019","kind":"pg-line","name":"VTPS-IV - Nellore DC/SC line","voltage":400,"service":"In Service","lengthKm":274.31}},{"type":"Feature","id":"pl-020","geometry":{"type":"LineString","coordinates":[[80.68445,16.5647],[80.67687,16.56916],[80.6693,16.57361],[80.66173,16.57806],[80.65415,16.58252],[80.64658,16.58697],[80.639,16.59142],[80.63143,16.59587],[80.62385,16.60032],[80.61628,16.60478],[80.6087,16.60923],[80.60113,16.61368],[80.59355,16.61813],[80.58597,16.62258],[80.57839,16.62703],[80.57082,16.63148],[80.56324,16.63593],[80.55566,16.64038]]},"properties":{"id":"pl-020","kind":"pg-line","name":"Nunna- Lanco","voltage":400,"service":"In Service","lengthKm":16.098}},{"type":"Feature","id":"pl-021","geometry":{"type":"LineString","coordinates":[[80.68445,16.5647],[80.68005,16.57266],[80.67565,16.58061],[80.67125,16.58856],[80.66685,16.59651],[80.66245,16.60447],[80.65805,16.61242],[80.65365,16.62037],[80.64925,16.62832],[80.64485,16.63627],[80.64045,16.64423],[80.63604,16.65218],[80.63164,16.66013],[80.62724,16.66808],[80.62284,16.67603],[80.61843,16.68398],[80.61403,16.69193],[80.60963,16.69988],[80.60522,16.70784],[80.60082,16.71579],[80.59641,16.72374],[80.592,16.73169],[80.5876,16.73964],[80.58319,16.74759],[80.57879,16.75554],[80.57438,16.76349],[80.56997,16.77144],[80.56556,16.77939],[80.56116,16.78734],[80.55675,16.79529],[80.55234,16.80324],[80.54793,16.81119],[80.54352,16.81914],[80.53911,16.82709],[80.5347,16.83504],[80.53029,16.84299],[80.52588,16.85094],[80.52146,16.85889],[80.51705,16.86683],[80.51264,16.87478],[80.50823,16.88273],[80.50382,16.89068],[80.4994,16.89863],[80.49499,16.90658],[80.49057,16.91453],[80.48616,16.92247],[80.48174,16.93042],[80.47733,16.93837],[80.47291,16.94632],[80.4685,16.95427],[80.46408,16.96221],[80.45966,16.97016],[80.45525,16.97811],[80.45083,16.98606],[80.44641,16.994],[80.44199,17.00195],[80.43758,17.0099],[80.43316,17.01785],[80.42874,17.02579],[80.42432,17.03374],[80.4199,17.04169],[80.41548,17.04963],[80.41106,17.05758],[80.40664,17.06553],[80.40221,17.07347],[80.39779,17.08142],[80.39337,17.08936],[80.38895,17.09731],[80.38452,17.10526],[80.3801,17.1132],[80.37568,17.12115],[80.37125,17.12909],[80.36683,17.13704],[80.3624,17.14498],[80.35798,17.15293],[80.35355,17.16087],[80.34913,17.16882],[80.3447,17.17676],[80.34027,17.18471],[80.33585,17.19265],[80.33142,17.2006],[80.32699,17.20854],[80.32256,17.21649],[80.31813,17.22443],[80.3137,17.23238],[80.30927,17.24032],[80.30484,17.24826],[80.30041,17.25621],[80.29598,17.26415],[80.29155,17.2721],[80.28712,17.28004],[80.28269,17.28798],[80.27826,17.29593],[80.27383,17.30387],[80.26939,17.31181],[80.26496,17.31976],[80.26053,17.3277],[80.25609,17.33564],[80.25166,17.34359],[80.24722,17.35153],[80.24279,17.35947],[80.23835,17.36741]]},"properties":{"id":"pl-021","kind":"pg-line","name":"Nunna- Khammmam SC line","voltage":400,"service":"In Service","lengthKm":101.083}},{"type":"Feature","id":"pl-022","geometry":{"type":"LineString","coordinates":[[78.79873,14.38341],[78.79201,14.37732],[78.78529,14.37122],[78.77858,14.36513],[78.77186,14.35903],[78.76515,14.35294],[78.75843,14.34684],[78.75172,14.34074],[78.745,14.33465],[78.73829,14.32855],[78.73158,14.32245],[78.72487,14.31636],[78.71815,14.31026],[78.71144,14.30416],[78.70473,14.29807],[78.69802,14.29197],[78.69131,14.28587],[78.6846,14.27977],[78.67789,14.27367],[78.67118,14.26758],[78.66447,14.26148],[78.65776,14.25538],[78.65105,14.24928],[78.64434,14.24318],[78.63763,14.23708],[78.63092,14.23098],[78.62422,14.22488],[78.61751,14.21878],[78.6108,14.21268],[78.60409,14.20658],[78.59739,14.20048],[78.59068,14.19438],[78.58398,14.18828],[78.57727,14.18218],[78.57057,14.17608],[78.56386,14.16997],[78.55716,14.16387],[78.55046,14.15777],[78.54375,14.15167],[78.53705,14.14557],[78.53035,14.13946],[78.52365,14.13336],[78.51694,14.12726],[78.51024,14.12116],[78.50354,14.11505],[78.49684,14.10895],[78.49014,14.10285],[78.48344,14.09674],[78.47674,14.09064],[78.47004,14.08453],[78.46334,14.07843],[78.45664,14.07232],[78.44995,14.06622],[78.44325,14.06012],[78.43655,14.05401],[78.42985,14.04791]]},"properties":{"id":"pl-022","kind":"pg-line","name":"Kadapa- NP Kunta SC line","voltage":400,"service":"In Service","lengthKm":54.523}},{"type":"Feature","id":"pl-023","geometry":{"type":"LineString","coordinates":[[78.79873,14.38341],[78.79201,14.37732],[78.78529,14.37122],[78.77858,14.36513],[78.77186,14.35903],[78.76515,14.35294],[78.75843,14.34684],[78.75172,14.34074],[78.745,14.33465],[78.73829,14.32855],[78.73158,14.32245],[78.72487,14.31636],[78.71815,14.31026],[78.71144,14.30416],[78.70473,14.29807],[78.69802,14.29197],[78.69131,14.28587],[78.6846,14.27977],[78.67789,14.27367],[78.67118,14.26758],[78.66447,14.26148],[78.65776,14.25538],[78.65105,14.24928],[78.64434,14.24318],[78.63763,14.23708],[78.63092,14.23098],[78.62422,14.22488],[78.61751,14.21878],[78.6108,14.21268],[78.60409,14.20658],[78.59739,14.20048],[78.59068,14.19438],[78.58398,14.18828],[78.57727,14.18218],[78.57057,14.17608],[78.56386,14.16997],[78.55716,14.16387],[78.55046,14.15777],[78.54375,14.15167],[78.53705,14.14557],[78.53035,14.13946],[78.52365,14.13336],[78.51694,14.12726],[78.51024,14.12116],[78.50354,14.11505],[78.49684,14.10895],[78.49014,14.10285],[78.48344,14.09674],[78.47674,14.09064],[78.47004,14.08453],[78.46334,14.07843],[78.45664,14.07232],[78.44995,14.06622],[78.44325,14.06012],[78.43655,14.05401],[78.42985,14.04791]]},"properties":{"id":"pl-023","kind":"pg-line","name":"Kadapa- NP Kunta SC line","voltage":400,"service":"In Service","lengthKm":54.523}},{"type":"Feature","id":"pl-024","geometry":{"type":"LineString","coordinates":[[83.13335,17.64088],[83.12503,17.63668],[83.1167,17.63248],[83.10838,17.62828],[83.10005,17.62408],[83.09173,17.61988],[83.08341,17.61568],[83.07509,17.61148],[83.06676,17.60727],[83.05844,17.60307],[83.05012,17.59887],[83.0418,17.59467],[83.03348,17.59046],[83.02516,17.58626],[83.01684,17.58206],[83.00852,17.57785],[83.0002,17.57365],[82.99188,17.56944],[82.98356,17.56524],[82.97524,17.56103],[82.96693,17.55682],[82.95861,17.55262],[82.95029,17.54841],[82.94198,17.5442],[82.93366,17.53999],[82.92535,17.53579],[82.91703,17.53158],[82.90871,17.52737],[82.9004,17.52316],[82.89209,17.51895],[82.88377,17.51474],[82.87546,17.51053],[82.86715,17.50632],[82.85883,17.50211],[82.85052,17.4979],[82.84221,17.49369],[82.8339,17.48948],[82.82559,17.48526],[82.81728,17.48105],[82.80897,17.47684],[82.80066,17.47262],[82.79235,17.46841],[82.78404,17.4642],[82.77573,17.45998],[82.76742,17.45577],[82.75911,17.45155],[82.75081,17.44734],[82.7425,17.44312],[82.73419,17.43891],[82.72588,17.43469],[82.71758,17.43047],[82.70927,17.42626],[82.70097,17.42204],[82.69266,17.41782],[82.68436,17.4136],[82.67605,17.40938],[82.66775,17.40517],[82.65945,17.40095],[82.65114,17.39673],[82.64284,17.39251],[82.63454,17.38829],[82.62624,17.38407],[82.61794,17.37985],[82.60963,17.37562],[82.60133,17.3714],[82.59303,17.36718],[82.58473,17.36296],[82.57643,17.35874],[82.56813,17.35451],[82.55984,17.35029],[82.55154,17.34607],[82.54324,17.34184],[82.53494,17.33762],[82.52664,17.33339],[82.51835,17.32917],[82.51005,17.32494],[82.50176,17.32072],[82.49346,17.31649],[82.48516,17.31226],[82.47687,17.30804],[82.46857,17.30381],[82.46028,17.29958],[82.45199,17.29535],[82.44369,17.29113],[82.4354,17.2869],[82.42711,17.28267],[82.41881,17.27844],[82.41052,17.27421],[82.40223,17.26998],[82.39394,17.26575],[82.38565,17.26152],[82.37736,17.25729],[82.36907,17.25306],[82.36078,17.24883],[82.35249,17.24459],[82.3442,17.24036],[82.33591,17.23613],[82.32762,17.2319],[82.31934,17.22766],[82.31105,17.22343],[82.30276,17.21919],[82.29447,17.21496],[82.28619,17.21073],[82.2779,17.20649],[82.26962,17.20226],[82.26133,17.19802],[82.25305,17.19378],[82.24476,17.18955],[82.23648,17.18531],[82.22819,17.18107],[82.21991,17.17684],[82.21163,17.1726],[82.20334,17.16836],[82.19506,17.16412],[82.18678,17.15988],[82.1785,17.15564],[82.17022,17.1514],[82.16194,17.14716],[82.15366,17.14292],[82.14538,17.13868],[82.1371,17.13444],[82.12882,17.1302],[82.12054,17.12596],[82.11226,17.12172],[82.10398,17.11748],[82.09571,17.11323],[82.08743,17.10899],[82.07915,17.10475],[82.07087,17.1005],[82.0626,17.09626],[82.05432,17.09202]]},"properties":{"id":"pl-024","kind":"pg-line","name":"Gajuwaka- vemagiri PG SC line","voltage":400,"service":"In Service","lengthKm":129.761}},{"type":"Feature","id":"pl-025","geometry":{"type":"LineString","coordinates":[[83.13335,17.64088],[83.1268,17.6353],[83.12025,17.62972],[83.11369,17.62414],[83.10714,17.61856],[83.10059,17.61298],[83.09404,17.6074],[83.08749,17.60182]]},"properties":{"id":"pl-025","kind":"pg-line","name":"Gajuwaka- Simhadri(CS) SC line","voltage":400,"service":"In Service","lengthKm":6.518}},{"type":"Feature","id":"pl-026","geometry":{"type":"LineString","coordinates":[[77.65777,15.15239],[77.66343,15.15946],[77.66909,15.16654],[78.10952,15.70572],[78.11275,15.71204],[78.11322,15.71388],[78.11188,15.71561],[78.11077,15.71601],[78.10862,15.7156],[78.10837,15.71462],[78.108,15.71309]]},"properties":{"id":"pl-026","kind":"pg-line","name":"Gooty- Narnoor SC line","voltage":400,"service":"In Service","lengthKm":80.18}},{"type":"Feature","id":"pl-027","geometry":{"type":"LineString","coordinates":[[78.42985,14.04791],[78.42678,14.03945],[78.42371,14.031],[78.42064,14.02255],[78.41757,14.0141],[78.4145,14.00565],[78.41143,13.9972],[78.40836,13.98875],[78.40529,13.9803],[78.40222,13.97185],[78.39915,13.96339],[78.39608,13.95494],[78.39301,13.94649],[78.38994,13.93804],[78.38687,13.92959],[78.3838,13.92114],[78.38073,13.91268],[78.37767,13.90423],[78.3746,13.89578],[78.37153,13.88733],[78.36846,13.87888],[78.36539,13.87043],[78.36233,13.86197],[78.35926,13.85352],[78.35619,13.84507],[78.35313,13.83662],[78.35006,13.82817],[78.347,13.81971],[78.34393,13.81126],[78.34086,13.80281],[78.3378,13.79436],[78.33473,13.78591],[78.33167,13.77745],[78.32861,13.769],[78.32554,13.76055],[78.32248,13.7521],[78.31941,13.74364],[78.31635,13.73519],[78.31329,13.72674],[78.31022,13.71829],[78.30716,13.70983],[78.3041,13.70138],[78.30103,13.69293],[78.29797,13.68448],[78.29491,13.67602],[78.29185,13.66757],[78.28879,13.65912],[78.28572,13.65066],[78.28266,13.64221],[78.2796,13.63376],[78.27654,13.6253],[78.27348,13.61685],[78.27042,13.6084],[78.26736,13.59995],[78.2643,13.59149],[78.26124,13.58304],[78.25818,13.57459],[78.25512,13.56613],[78.25206,13.55768],[78.249,13.54923],[78.24594,13.54077],[78.24289,13.53232],[78.23983,13.52386],[78.23677,13.51541],[78.23371,13.50696],[78.23065,13.4985],[78.2276,13.49005],[78.22454,13.4816],[78.22148,13.47314],[78.21843,13.46469],[78.21537,13.45623],[78.21231,13.44778],[78.20926,13.43933],[78.2062,13.43087],[78.20314,13.42242],[78.20009,13.41396],[78.19703,13.40551],[78.19398,13.39706],[78.19092,13.3886],[78.18787,13.38015],[78.18482,13.37169],[78.18176,13.36324],[78.17871,13.35478],[78.17565,13.34633],[78.1726,13.33787],[78.16955,13.32942],[78.16649,13.32097],[78.16344,13.31251],[78.16039,13.30406],[78.15733,13.2956],[78.15428,13.28715],[78.15123,13.27869],[78.14818,13.27024],[78.14513,13.26178],[78.14208,13.25333],[78.13902,13.24487],[78.13597,13.23642],[78.13292,13.22796],[78.12987,13.21951],[78.12682,13.21105],[78.12377,13.2026],[78.12072,13.19414],[78.11767,13.18569],[78.11462,13.17723]]},"properties":{"id":"pl-027","kind":"pg-line","name":"NP Kunta- Kolar SC line","voltage":400,"service":"In Service","lengthKm":102.634}},{"type":"Feature","id":"pl-028","geometry":{"type":"LineString","coordinates":[[78.42985,14.04791],[78.42073,14.04707],[78.4116,14.04624],[77.55391,13.97082],[77.55233,13.96873],[77.55269,13.96696],[77.5534,13.96654],[77.55415,13.9665]]},"properties":{"id":"pl-028","kind":"pg-line","name":"NP Kunta- Hindupur DC line, CKt-1","voltage":400,"service":"In Service","lengthKm":95.551}},{"type":"Feature","id":"pl-029","geometry":{"type":"LineString","coordinates":[[78.42985,14.04791],[78.42073,14.04707],[78.4116,14.04624],[77.55391,13.97082],[77.55233,13.96873],[77.55269,13.96696],[77.5534,13.96654],[77.55407,13.96625]]},"properties":{"id":"pl-029","kind":"pg-line","name":"NP Kunta- Hindupur DC line, Ckt-2","voltage":400,"service":"In Service","lengthKm":95.55}},{"type":"Feature","id":"pl-030","geometry":{"type":"LineString","coordinates":[[78.10775,15.71314],[78.10834,15.71575],[78.11428,15.73687],[78.52285,17.01552],[78.52561,17.0241],[78.52837,17.03268],[78.53113,17.04126],[78.53389,17.04984]]},"properties":{"id":"pl-030","kind":"pg-line","name":"Narnoor - Maheswaram SC line","voltage":400,"service":"In Service","lengthKm":155.433}},{"type":"Feature","id":"pl-031","geometry":{"type":"LineString","coordinates":[[84.45264,18.80623],[83.32511,18.4181],[83.3248,18.41902],[83.32511,18.4181],[83.32505,18.41907]]},"properties":{"id":"pl-031","kind":"pg-line","name":"Srikakulam- Garividi(Maradam) 400 DC line","voltage":400,"service":"In Service","lengthKm":126.734}},{"type":"Feature","id":"pl-032","geometry":{"type":"LineString","coordinates":[[77.50752,12.78321],[77.50809,12.79222],[77.50865,12.80123],[77.50922,12.81024],[77.50978,12.81925],[77.51035,12.82826],[77.51092,12.83727],[77.51148,12.84628],[77.51205,12.85529],[77.51261,12.86429],[77.51318,12.8733],[77.51375,12.88231],[77.51431,12.89132],[77.51488,12.90033],[77.51544,12.90934],[77.51601,12.91835],[77.51658,12.92736],[77.51714,12.93637],[77.51771,12.94538],[77.51828,12.95439],[77.51884,12.9634],[77.51941,12.9724],[77.51997,12.98141],[77.52054,12.99042],[77.52111,12.99943],[77.52167,13.00844],[77.52224,13.01745],[77.52281,13.02646],[77.52337,13.03547],[77.52394,13.04448],[77.52451,13.05349],[77.52508,13.0625],[77.52564,13.0715],[77.52621,13.08051],[77.52678,13.08952],[77.52734,13.09853],[77.52791,13.10754],[77.52848,13.11655],[77.52904,13.12556],[77.52961,13.13457],[77.53018,13.14358],[77.53075,13.15259],[77.53131,13.16159],[77.53188,13.1706],[77.53245,13.17961],[77.53302,13.18862],[77.53358,13.19763],[77.53415,13.20664],[77.53472,13.21565],[77.53529,13.22466],[77.53585,13.23367],[77.53642,13.24268],[77.53699,13.25168],[77.53756,13.26069],[77.53812,13.2697],[77.53869,13.27871],[77.53926,13.28772],[77.53983,13.29673],[77.5404,13.30574],[77.54096,13.31475],[77.54153,13.32376],[77.5421,13.33276],[77.54267,13.34177],[77.54324,13.35078],[77.54381,13.35979],[77.54437,13.3688],[77.54494,13.37781],[77.54551,13.38682],[77.54608,13.39583],[77.54665,13.40483],[77.54722,13.41384],[77.54778,13.42285],[77.54835,13.43186],[77.54892,13.44087],[77.54949,13.44988],[77.55006,13.45889],[77.55063,13.4679],[77.5512,13.4769],[77.55177,13.48591],[77.55233,13.49492],[77.5529,13.50393],[77.55347,13.51294],[77.55404,13.52195],[77.55461,13.53096],[77.55518,13.53996],[77.55575,13.54897],[77.55632,13.55798],[77.55689,13.56699],[77.55746,13.576],[77.55803,13.58501],[77.55859,13.59402],[77.55916,13.60303],[77.55973,13.61203],[77.5603,13.62104],[77.56087,13.63005],[77.56144,13.63906],[77.56201,13.64807],[77.56258,13.65708],[77.56315,13.66609],[77.56372,13.67509],[77.56429,13.6841],[77.56486,13.69311],[77.56543,13.70212],[77.566,13.71113],[77.56657,13.72014],[77.56714,13.72915],[77.56771,13.73815],[77.56828,13.74716],[77.56885,13.75617],[77.56942,13.76518],[77.56999,13.77419],[77.57056,13.7832],[77.57113,13.7922],[77.5717,13.80121],[77.57227,13.81022],[77.57284,13.81923],[77.57341,13.82824],[77.57398,13.83725],[77.57455,13.84625],[77.57512,13.85526],[77.5757,13.86427],[77.57627,13.87328],[77.57684,13.88229],[77.57741,13.8913],[77.57798,13.9003],[77.57855,13.90931],[77.57912,13.91832],[77.57969,13.92733],[77.58026,13.93634],[77.58083,13.94535],[77.5814,13.95435],[77.58198,13.96336],[77.58255,13.97237],[77.58312,13.98138],[77.58369,13.99039],[77.58426,13.9994],[77.58483,14.0084],[77.5854,14.01741],[77.58597,14.02642],[77.58655,14.03543],[77.58712,14.04444],[77.58769,14.05345],[77.58826,14.06245],[77.58883,14.07146],[77.5894,14.08047],[77.58998,14.08948],[77.59055,14.09849],[77.59112,14.10749],[77.59169,14.1165],[77.59226,14.12551],[77.59284,14.13452],[77.59341,14.14353],[77.59398,14.15254],[77.59455,14.16154],[77.59512,14.17055],[77.5957,14.17956],[77.59627,14.18857],[77.59684,14.19758],[77.59741,14.20658],[77.59799,14.21559],[77.59856,14.2246],[77.59913,14.23361],[77.5997,14.24262],[77.60028,14.25162],[77.60085,14.26063],[77.60142,14.26964],[77.60199,14.27865],[77.60257,14.28766],[77.60314,14.29666],[77.60371,14.30567],[77.60429,14.31468],[77.60486,14.32369],[77.60543,14.3327],[77.606,14.3417],[77.60658,14.35071],[77.60715,14.35972],[77.60772,14.36873],[77.6083,14.37774],[77.60887,14.38674],[77.60944,14.39575],[77.61002,14.40476],[77.61059,14.41377],[77.61116,14.42278],[77.61174,14.43178],[77.61231,14.44079],[77.61288,14.4498],[77.61346,14.45881],[77.61403,14.46781],[77.61461,14.47682],[77.61518,14.48583],[77.61575,14.49484],[77.61633,14.50385],[77.6169,14.51285],[77.61747,14.52186],[77.61805,14.53087],[77.61862,14.53988],[77.6192,14.54888],[77.61977,14.55789],[77.62034,14.5669],[77.62092,14.57591],[77.62149,14.58492],[77.62207,14.59392],[77.62264,14.60293],[77.62322,14.61194],[77.62379,14.62095],[77.62437,14.62995],[77.62494,14.63896],[77.62551,14.64797],[77.62609,14.65698],[77.62666,14.66598],[77.62724,14.67499],[77.62781,14.684],[77.62839,14.69301],[77.62896,14.70202],[77.62954,14.71102],[77.63011,14.72003],[77.63069,14.72904],[77.63126,14.73805],[77.63184,14.74705],[77.63241,14.75606],[77.63299,14.76507],[77.63356,14.77408],[77.63414,14.78308],[77.63471,14.79209],[77.63529,14.8011],[77.63587,14.81011],[77.63644,14.81911],[77.63702,14.82812],[77.63759,14.83713],[77.63817,14.84614],[77.63874,14.85514],[77.63932,14.86415],[77.6399,14.87316],[77.64047,14.88217],[77.64105,14.89117],[77.64162,14.90018],[77.6422,14.90919],[77.64278,14.9182],[77.64335,14.9272],[77.64393,14.93621],[77.6445,14.94522],[77.64508,14.95422],[77.64566,14.96323],[77.64623,14.97224],[77.64681,14.98125],[77.64739,14.99025],[77.64796,14.99926],[77.64854,15.00827],[77.64911,15.01728],[77.64969,15.02628],[77.65027,15.03529],[77.65084,15.0443],[77.65142,15.05331],[77.652,15.06231],[77.65258,15.07132],[77.65315,15.08033],[77.65373,15.08933],[77.65431,15.09834],[77.65488,15.10735],[77.65546,15.11636],[77.65604,15.12536],[77.65661,15.13437],[77.65719,15.14338],[77.65777,15.15239]]},"properties":{"id":"pl-032","kind":"pg-line","name":"Somannahalli- Gooty DC line","voltage":400,"service":"In Service","lengthKm":263.938}},{"type":"Feature","id":"pl-033","geometry":{"type":"LineString","coordinates":[[79.89992,14.25037],[79.8914,14.25385],[79.88287,14.25733],[79.87435,14.26082],[79.86583,14.2643],[79.8573,14.26778],[79.84878,14.27126],[79.84025,14.27475],[79.83173,14.27823],[79.8232,14.28171],[79.81468,14.28519],[79.80615,14.28867],[79.79763,14.29215],[79.7891,14.29563],[79.78057,14.29911],[79.77205,14.30259],[79.76352,14.30607],[79.75499,14.30955],[79.74646,14.31303],[79.73794,14.3165],[79.72941,14.31998],[79.72088,14.32346],[79.71235,14.32694],[79.70382,14.33041],[79.69529,14.33389],[79.68676,14.33737],[79.67823,14.34084],[79.6697,14.34432],[79.66117,14.34779],[79.65264,14.35127],[79.64411,14.35474],[79.63558,14.35822],[79.62705,14.36169],[79.61852,14.36517],[79.60999,14.36864],[79.60146,14.37211],[79.59292,14.37559],[79.58439,14.37906],[79.57586,14.38253],[79.56732,14.386],[79.55879,14.38947],[79.55026,14.39295],[79.54172,14.39642],[79.53319,14.39989],[79.52465,14.40336],[79.51612,14.40683],[79.50759,14.4103],[79.49905,14.41377],[79.49051,14.41724],[79.48198,14.42071],[79.47344,14.42417],[79.46491,14.42764],[79.45637,14.43111],[79.44783,14.43458],[79.4393,14.43805],[79.43076,14.44151],[79.42222,14.44498],[79.41368,14.44845],[79.40515,14.45191],[79.39661,14.45538],[79.38807,14.45884],[79.37953,14.46231],[79.37099,14.46577],[79.36245,14.46924],[79.35391,14.4727],[79.34537,14.47617],[79.33683,14.47963],[79.32829,14.48309],[79.31975,14.48656],[79.31121,14.49002],[79.30267,14.49348],[79.29413,14.49694],[79.28558,14.50041],[79.27704,14.50387],[79.2685,14.50733],[79.25996,14.51079],[79.25141,14.51425],[79.24287,14.51771],[79.23433,14.52117],[79.22578,14.52463],[79.21724,14.52809],[79.2087,14.53155],[79.20015,14.53501],[79.19161,14.53846],[79.18306,14.54192],[79.17452,14.54538],[79.16597,14.54884],[79.15742,14.55229],[79.14888,14.55575],[79.14033,14.55921],[79.13179,14.56266],[79.12324,14.56612],[79.11469,14.56957],[79.10614,14.57303],[79.0976,14.57648],[79.08905,14.57994],[79.0805,14.58339],[79.07195,14.58685],[79.0634,14.5903],[79.05485,14.59375],[79.04631,14.59721],[79.03776,14.60066],[79.02921,14.60411],[79.02066,14.60756],[79.01211,14.61102],[79.00356,14.61447],[78.995,14.61792],[78.98645,14.62137],[78.9779,14.62482],[78.96935,14.62827],[78.9608,14.63172],[78.95225,14.63517],[78.94369,14.63862],[78.93514,14.64207],[78.92659,14.64552],[78.91803,14.64896],[78.90948,14.65241],[78.90093,14.65586],[78.89237,14.65931],[78.88382,14.66275],[78.87526,14.6662],[78.86671,14.66965],[78.85815,14.67309],[78.8496,14.67654],[78.84104,14.67999],[78.83249,14.68343],[78.82393,14.68688],[78.81537,14.69032],[78.80682,14.69376],[78.79826,14.69721],[78.7897,14.70065],[78.78115,14.70409],[78.77259,14.70754],[78.76403,14.71098],[78.75547,14.71442],[78.74691,14.71786],[78.73835,14.72131],[78.72979,14.72475],[78.72124,14.72819],[78.71268,14.73163],[78.70412,14.73507],[78.69556,14.73851],[78.68699,14.74195],[78.67843,14.74539],[78.66987,14.74883],[78.66131,14.75227],[78.65275,14.7557],[78.64419,14.75914],[78.63563,14.76258],[78.62706,14.76602],[78.6185,14.76946],[78.60994,14.77289],[78.60138,14.77633],[78.59281,14.77977],[78.58425,14.7832],[78.57568,14.78664],[78.56712,14.79007],[78.55856,14.79351],[78.54999,14.79694],[78.54143,14.80038],[78.53286,14.80381],[78.52429,14.80724],[78.51573,14.81068],[78.50716,14.81411],[78.4986,14.81754],[78.49003,14.82097],[78.48146,14.82441],[78.47289,14.82784],[78.46433,14.83127],[78.45576,14.8347],[78.44719,14.83813],[78.43862,14.84156],[78.43005,14.84499],[78.42149,14.84842],[78.41292,14.85185],[78.40435,14.85528],[78.39578,14.85871],[78.38721,14.86214],[78.37864,14.86557],[78.37007,14.86899],[78.3615,14.87242],[78.35293,14.87585],[78.34435,14.87928],[78.33578,14.8827],[78.32721,14.88613],[78.31864,14.88956],[78.31007,14.89298],[78.30149,14.89641],[78.29292,14.89983],[78.28435,14.90326],[78.27577,14.90668],[78.2672,14.9101],[78.25863,14.91353],[78.25005,14.91695],[78.24148,14.92038],[78.2329,14.9238],[78.22433,14.92722],[78.21575,14.93064],[78.20718,14.93406],[78.1986,14.93749],[78.19002,14.94091],[78.18145,14.94433],[78.17287,14.94775],[78.16429,14.95117],[78.15572,14.95459],[78.14714,14.95801],[78.13856,14.96143],[78.12998,14.96485],[78.1214,14.96826],[78.11283,14.97168],[78.10425,14.9751],[78.09567,14.97852],[78.08709,14.98194],[78.07851,14.98535],[78.06993,14.98877],[78.06135,14.99219],[78.05277,14.9956],[78.04419,14.99902],[78.03561,15.00243],[78.02703,15.00585],[78.01844,15.00926],[78.00986,15.01268],[78.00128,15.01609],[77.9927,15.0195],[77.98411,15.02292],[77.97553,15.02633],[77.96695,15.02974],[77.95836,15.03316],[77.94978,15.03657],[77.9412,15.03998],[77.93261,15.04339],[77.92403,15.0468],[77.91544,15.05021],[77.90686,15.05362],[77.89827,15.05703],[77.88969,15.06044],[77.8811,15.06385],[77.87251,15.06726],[77.86393,15.07067],[77.85534,15.07408],[77.84675,15.07749],[77.83817,15.0809],[77.82958,15.0843],[77.82099,15.08771],[77.8124,15.09112],[77.80381,15.09452],[77.79523,15.09793],[77.78664,15.10134],[77.77805,15.10474],[77.76946,15.10815],[77.76087,15.11155],[77.75228,15.11496],[77.74369,15.11836],[77.7351,15.12176],[77.72651,15.12517],[77.71791,15.12857],[77.70932,15.13197],[77.70073,15.13538],[77.69214,15.13878],[77.68355,15.14218],[77.67495,15.14558],[77.66636,15.14898],[77.65777,15.15239]]},"properties":{"id":"pl-033","kind":"pg-line","name":"NLR PS- Gooty DC line","voltage":400,"service":"In Service","lengthKm":261.177}},{"type":"Feature","id":"pl-034","geometry":{"type":"LineString","coordinates":[[79.89992,14.25037],[79.90853,14.25308],[79.91713,14.25579],[79.92574,14.2585],[79.93435,14.26121],[79.94296,14.26392],[79.95157,14.26663],[79.96017,14.26934],[79.96878,14.27205],[79.97739,14.27476],[79.986,14.27747],[79.99461,14.28018],[80.00322,14.28289],[80.01183,14.28559],[80.02044,14.2883],[80.02905,14.29101],[80.03766,14.29372],[80.04627,14.29642],[80.05488,14.29913],[80.06349,14.30183],[80.0721,14.30454],[80.08071,14.30725],[80.08932,14.30995],[80.09794,14.31266],[80.10655,14.31536],[80.11516,14.31806],[80.12377,14.32077],[80.13238,14.32347],[80.141,14.32618]]},"properties":{"id":"pl-034","kind":"pg-line","name":"NLR PS- TPCIL DC line","voltage":400,"service":"In Service","lengthKm":27.311}},{"type":"Feature","id":"pl-035","geometry":{"type":"LineString","coordinates":[[79.89992,14.25037],[79.90831,14.25376],[79.91671,14.25715],[79.9251,14.26054],[79.9335,14.26393],[79.94189,14.26732],[79.95029,14.27071],[79.95868,14.2741],[79.96708,14.27749],[79.97547,14.28088],[79.98387,14.28427],[79.99227,14.28766],[80.00066,14.29105],[80.00906,14.29444],[80.01746,14.29782],[80.02585,14.30121],[80.03425,14.3046],[80.04265,14.30798],[80.05105,14.31137],[80.05945,14.31476],[80.06785,14.31814],[80.07624,14.32153],[80.08464,14.32491],[80.09304,14.3283],[80.10144,14.33168],[80.10984,14.33507],[80.11824,14.33845],[80.12664,14.34184],[80.13504,14.34522],[80.14345,14.3486]]},"properties":{"id":"pl-035","kind":"pg-line","name":"NLR PS- NCC (CS) DC line","voltage":400,"service":"In Service","lengthKm":28.423}},{"type":"Feature","id":"pl-036","geometry":{"type":"LineString","coordinates":[[79.97448,12.98117],[79.97383,12.99017],[79.97317,12.99917],[79.97252,13.00817],[79.97186,13.01717],[79.97121,13.02617],[79.97055,13.03517],[79.96989,13.04416],[79.96924,13.05316],[79.96858,13.06216],[79.96793,13.07116],[79.96727,13.08016],[79.96661,13.08916],[79.96596,13.09816],[79.9653,13.10716],[79.96465,13.11616],[79.96399,13.12516],[79.96333,13.13416],[79.96268,13.14316],[79.96202,13.15216],[79.96136,13.16116],[79.96071,13.17016],[79.96005,13.17916],[79.95939,13.18816],[79.95874,13.19716],[79.95808,13.20616],[79.95742,13.21515],[79.95677,13.22415],[79.95611,13.23315],[79.95545,13.24215],[79.9548,13.25115],[79.95414,13.26015],[79.95348,13.26915],[79.95282,13.27815],[79.95217,13.28715],[79.95151,13.29615],[79.95085,13.30515],[79.9502,13.31415],[79.94954,13.32315],[79.94888,13.33215],[79.94822,13.34115],[79.94757,13.35014],[79.94691,13.35914],[79.94625,13.36814],[79.94559,13.37714],[79.94493,13.38614],[79.94428,13.39514],[79.94362,13.40414],[79.94296,13.41314],[79.9423,13.42214],[79.94165,13.43114],[79.94099,13.44014],[79.94033,13.44914],[79.93967,13.45814],[79.93901,13.46713],[79.93835,13.47613],[79.9377,13.48513],[79.93704,13.49413],[79.93638,13.50313],[79.93572,13.51213],[79.93506,13.52113],[79.9344,13.53013],[79.93375,13.53913],[79.93309,13.54813],[79.93243,13.55713],[79.93177,13.56612],[79.93111,13.57512],[79.93045,13.58412],[79.92979,13.59312],[79.92913,13.60212],[79.92848,13.61112],[79.92782,13.62012],[79.92716,13.62912],[79.9265,13.63812],[79.92584,13.64712],[79.92518,13.65611],[79.92452,13.66511],[79.92386,13.67411],[79.9232,13.68311],[79.92254,13.69211],[79.92188,13.70111],[79.92122,13.71011],[79.92056,13.71911],[79.91991,13.72811],[79.91925,13.73711],[79.91859,13.7461],[79.91793,13.7551],[79.91727,13.7641],[79.91661,13.7731],[79.91595,13.7821],[79.91529,13.7911],[79.91463,13.8001],[79.91397,13.8091],[79.91331,13.8181],[79.91265,13.82709],[79.91199,13.83609],[79.91133,13.84509],[79.91067,13.85409],[79.91001,13.86309],[79.90934,13.87209],[79.90868,13.88109],[79.90802,13.89009],[79.90736,13.89908],[79.9067,13.90808],[79.90604,13.91708],[79.90538,13.92608],[79.90472,13.93508],[79.90406,13.94408],[79.9034,13.95308],[79.90274,13.96208],[79.90208,13.97107],[79.90142,13.98007],[79.90075,13.98907],[79.90009,13.99807],[79.89943,14.00707],[79.89877,14.01607],[79.89811,14.02507],[79.89745,14.03406],[79.89679,14.04306],[79.89613,14.05206],[79.89546,14.06106],[79.8948,14.07006],[79.89414,14.07906],[79.89348,14.08806],[79.89282,14.09705],[79.89216,14.10605],[79.89149,14.11505],[79.89083,14.12405],[79.89017,14.13305],[79.88951,14.14205],[79.88885,14.15105],[79.88818,14.16004],[79.88752,14.16904],[79.88686,14.17804],[79.8862,14.18704],[79.88554,14.19604],[79.88487,14.20504],[79.88421,14.21404],[79.88355,14.22303]]},"properties":{"id":"pl-036","kind":"pg-line","name":"Sri Perambadur- Nellore DC line","voltage":400,"service":"In Service","lengthKm":138.438}},{"type":"Feature","id":"pl-037","geometry":{"type":"LineString","coordinates":[[79.3876,16.51111],[79.38516,16.50239],[79.38272,16.49367],[79.38028,16.48496],[79.37784,16.47624],[79.37541,16.46753],[79.37297,16.45881],[79.37053,16.45009],[79.36809,16.44138],[79.36566,16.43266],[79.36322,16.42395],[79.36078,16.41523],[79.35835,16.40651],[79.35591,16.3978],[79.35348,16.38908],[79.35104,16.38036],[79.34861,16.37165],[79.34617,16.36293],[79.34374,16.35421],[79.3413,16.3455],[79.33887,16.33678],[79.33643,16.32806],[79.334,16.31935],[79.33156,16.31063],[79.32913,16.30191],[79.3267,16.2932],[79.32426,16.28448],[79.32183,16.27576],[79.3194,16.26705],[79.31697,16.25833],[79.31453,16.24961],[79.3121,16.2409],[79.30967,16.23218],[79.30724,16.22346],[79.30481,16.21474],[79.30238,16.20603],[79.29994,16.19731],[79.29751,16.18859],[79.29508,16.17988],[79.29265,16.17116],[79.29022,16.16244],[79.28779,16.15372],[79.28536,16.14501],[79.28293,16.13629],[79.2805,16.12757],[79.27807,16.11885],[79.27565,16.11014],[79.27322,16.10142],[79.27079,16.0927],[79.26836,16.08398],[79.26593,16.07527],[79.2635,16.06655],[79.26108,16.05783],[79.25865,16.04911],[79.25622,16.0404],[79.2538,16.03168],[79.25137,16.02296],[79.24894,16.01424],[79.24652,16.00552],[79.24409,15.99681],[79.24166,15.98809],[79.23924,15.97937],[79.23681,15.97065],[79.23439,15.96193],[79.23196,15.95322],[79.22954,15.9445],[79.22711,15.93578],[79.22469,15.92706],[79.22226,15.91834],[79.21984,15.90962],[79.21742,15.90091],[79.21499,15.89219],[79.21257,15.88347],[79.21015,15.87475],[79.20772,15.86603],[79.2053,15.85731],[79.20288,15.8486],[79.20045,15.83988],[79.19803,15.83116],[79.19561,15.82244],[79.19319,15.81372],[79.19077,15.805],[79.18835,15.79628],[79.18592,15.78756],[79.1835,15.77885],[79.18108,15.77013],[79.17866,15.76141],[79.17624,15.75269],[79.17382,15.74397],[79.1714,15.73525],[79.16898,15.72653],[79.16656,15.71781],[79.16414,15.70909],[79.16172,15.70037],[79.15931,15.69166],[79.15689,15.68294],[79.15447,15.67422],[79.15205,15.6655],[79.14963,15.65678],[79.14721,15.64806],[79.1448,15.63934],[79.14238,15.63062],[79.13996,15.6219],[79.13755,15.61318],[79.13513,15.60446],[79.13271,15.59574],[79.1303,15.58702],[79.12788,15.5783],[79.12546,15.56958],[79.12305,15.56086],[79.12063,15.55214],[79.11822,15.54342],[79.1158,15.5347],[79.11339,15.52599],[79.11097,15.51727],[79.10856,15.50855],[79.10614,15.49983],[79.10373,15.49111],[79.10131,15.48239],[79.0989,15.47367],[79.09649,15.46495],[79.09407,15.45623],[79.09166,15.44751],[79.08925,15.43879],[79.08683,15.43007],[79.08442,15.42134],[79.08201,15.41262],[79.0796,15.4039],[79.07719,15.39518],[79.07477,15.38646],[79.07236,15.37774],[79.06995,15.36902],[79.06754,15.3603],[79.06513,15.35158],[79.06272,15.34286],[79.06031,15.33414],[79.0579,15.32542],[79.05549,15.3167],[79.05308,15.30798],[79.05067,15.29926],[79.04826,15.29054],[79.04585,15.28182],[79.04344,15.2731],[79.04103,15.26438],[79.03862,15.25565],[79.03621,15.24693],[79.0338,15.23821],[79.0314,15.22949],[79.02899,15.22077],[79.02658,15.21205],[79.02417,15.20333],[79.02177,15.19461],[79.01936,15.18589],[79.01695,15.17717],[79.01454,15.16845],[79.01214,15.15972],[79.00973,15.151],[79.00733,15.14228],[79.00492,15.13356],[79.00251,15.12484],[79.00011,15.11612],[78.9977,15.1074],[78.9953,15.09867],[78.99289,15.08995],[78.99049,15.08123],[78.98808,15.07251],[78.98568,15.06379],[78.98327,15.05507],[78.98087,15.04635],[78.97847,15.03762],[78.97606,15.0289],[78.97366,15.02018],[78.97126,15.01146],[78.96885,15.00274],[78.96645,14.99402],[78.96405,14.98529],[78.96165,14.97657],[78.95924,14.96785],[78.95684,14.95913],[78.95444,14.95041],[78.95204,14.94168],[78.94964,14.93296],[78.94723,14.92424],[78.94483,14.91552],[78.94243,14.9068],[78.94003,14.89807],[78.93763,14.88935],[78.93523,14.88063],[78.93283,14.87191],[78.93043,14.86318],[78.92803,14.85446],[78.92563,14.84574],[78.92323,14.83702],[78.92083,14.8283],[78.91843,14.81957],[78.91604,14.81085],[78.91364,14.80213],[78.91124,14.79341],[78.90884,14.78468],[78.90644,14.77596],[78.90404,14.76724],[78.90165,14.75852],[78.89925,14.74979],[78.89685,14.74107],[78.89445,14.73235],[78.89206,14.72362],[78.88966,14.7149],[78.88726,14.70618],[78.88487,14.69746],[78.88247,14.68873],[78.88008,14.68001],[78.87768,14.67129],[78.87529,14.66256],[78.87289,14.65384],[78.87049,14.64512],[78.8681,14.63639],[78.8657,14.62767],[78.86331,14.61895],[78.86092,14.61023],[78.85852,14.6015],[78.85613,14.59278],[78.85373,14.58406],[78.85134,14.57533],[78.84895,14.56661],[78.84655,14.55789],[78.84416,14.54916],[78.84177,14.54044],[78.83937,14.53172],[78.83698,14.52299],[78.83459,14.51427],[78.8322,14.50554],[78.82981,14.49682],[78.82741,14.4881],[78.82502,14.47937],[78.82263,14.47065],[78.82024,14.46193],[78.81785,14.4532],[78.81546,14.44448],[78.81307,14.43576],[78.81068,14.42703],[78.80829,14.41831],[78.8059,14.40958],[78.80351,14.40086],[78.80112,14.39214],[78.79873,14.38341]]},"properties":{"id":"pl-037","kind":"pg-line","name":"Nagarjunasagar- Kadapa DC line","voltage":400,"service":"In Service","lengthKm":244.861}},{"type":"Feature","id":"pl-038","geometry":{"type":"LineString","coordinates":[[80.68445,16.5647],[80.69309,16.56807],[80.70174,16.57143],[80.71039,16.5748],[80.71903,16.57817],[80.72768,16.58153],[80.73633,16.58489],[80.74498,16.58826],[80.75363,16.59162],[80.76227,16.59498],[80.77092,16.59835],[80.77957,16.60171],[80.78822,16.60507],[80.79687,16.60843],[80.80552,16.61179],[80.81417,16.61516],[80.82282,16.61852],[80.83148,16.62188],[80.84013,16.62524],[80.84878,16.6286],[80.85743,16.63196],[80.86608,16.63531],[80.87474,16.63867],[80.88339,16.64203],[80.89204,16.64539],[80.9007,16.64875],[80.90935,16.6521],[80.918,16.65546],[80.92666,16.65882],[80.93531,16.66217],[80.94397,16.66553],[80.95262,16.66888],[80.96128,16.67224],[80.96994,16.67559],[80.97859,16.67895],[80.98725,16.6823],[80.99591,16.68565],[81.00456,16.68901],[81.01322,16.69236],[81.02188,16.69571],[81.03054,16.69906],[81.03919,16.70241],[81.04785,16.70577],[81.05651,16.70912],[81.06517,16.71247],[81.07383,16.71582],[81.08249,16.71917],[81.09115,16.72252],[81.09981,16.72587],[81.10847,16.72921],[81.11713,16.73256],[81.12579,16.73591],[81.13446,16.73926],[81.14312,16.74261],[81.15178,16.74595],[81.16044,16.7493],[81.16911,16.75264],[81.17777,16.75599],[81.18643,16.75934],[81.1951,16.76268],[81.20376,16.76603],[81.21243,16.76937],[81.22109,16.77271],[81.22976,16.77606],[81.23842,16.7794],[81.24709,16.78274],[81.25575,16.78609],[81.26442,16.78943],[81.27309,16.79277],[81.28175,16.79611],[81.29042,16.79945],[81.29909,16.80279],[81.30775,16.80613],[81.31642,16.80947],[81.32509,16.81281],[81.33376,16.81615],[81.34243,16.81949],[81.3511,16.82283],[81.35977,16.82617],[81.36844,16.8295],[81.37711,16.83284],[81.38578,16.83618],[81.39445,16.83952],[81.40312,16.84285],[81.41179,16.84619],[81.42046,16.84952],[81.42914,16.85286],[81.43781,16.85619],[81.44648,16.85953],[81.45515,16.86286],[81.46383,16.86619],[81.4725,16.86953],[81.48117,16.87286],[81.48985,16.87619],[81.49852,16.87953],[81.5072,16.88286],[81.51587,16.88619],[81.52455,16.88952],[81.53322,16.89285],[81.5419,16.89618],[81.55058,16.89951],[81.55925,16.90284],[81.56793,16.90617],[81.57661,16.9095],[81.58528,16.91283],[81.59396,16.91616],[81.60264,16.91948],[81.61132,16.92281],[81.62,16.92614],[81.62868,16.92946],[81.63736,16.93279],[81.64604,16.93612],[81.65472,16.93944],[81.6634,16.94277],[81.67208,16.94609],[81.68076,16.94942],[81.68944,16.95274],[81.69812,16.95606],[81.7068,16.95939],[81.71548,16.96271],[81.72417,16.96603],[81.73285,16.96936],[81.74153,16.97268],[81.75021,16.976],[81.7589,16.97932],[81.76758,16.98264],[81.77627,16.98596],[81.78495,16.98928],[81.79364,16.9926],[81.80232,16.99592],[81.81101,16.99924],[81.81969,17.00256],[81.82838,17.00588],[81.83706,17.00919],[81.84575,17.01251],[81.85444,17.01583],[81.86313,17.01914],[81.87181,17.02246],[81.8805,17.02578],[81.88919,17.02909],[81.89788,17.03241],[81.90657,17.03572],[81.91526,17.03904],[81.92394,17.04235],[81.93263,17.04566],[81.94132,17.04898],[81.95001,17.05229],[81.95871,17.0556],[81.9674,17.05891],[81.97609,17.06223],[81.98478,17.06554],[81.99347,17.06885],[82.00216,17.07216],[82.01086,17.07547],[82.01955,17.07878],[82.02824,17.08209],[82.03694,17.0854],[82.04563,17.08871],[82.05432,17.09202]]},"properties":{"id":"pl-038","kind":"pg-line","name":"Nunna- Vemagiri PG- DC Line","voltage":400,"service":"In Service","lengthKm":157.148}},{"type":"Feature","id":"pl-039","geometry":{"type":"LineString","coordinates":[[79.88355,14.22303],[79.87827,14.21073],[79.87394,14.2028],[79.86961,14.19487],[79.86528,14.18695],[79.86095,14.17902],[79.85662,14.17109],[79.85229,14.16316],[79.84797,14.15523],[79.84364,14.14731],[79.83931,14.13938],[79.83498,14.13145],[79.83066,14.12352],[79.82633,14.11559],[79.822,14.10766],[79.81768,14.09974],[79.81335,14.09181],[79.80903,14.08388],[79.8047,14.07595],[79.80038,14.06802],[79.79605,14.06009],[79.79173,14.05216],[79.78741,14.04423],[79.78308,14.0363],[79.77876,14.02837],[79.77444,14.02044],[79.77012,14.01251],[79.76579,14.00458],[79.76147,13.99665],[79.75715,13.98872],[79.75283,13.98079],[79.74851,13.97286],[79.74419,13.96493],[79.73987,13.957],[79.73555,13.94907],[79.73123,13.94114],[79.72691,13.93321],[79.72259,13.92528],[79.71827,13.91735],[79.71395,13.90942],[79.70963,13.90149],[79.70531,13.89356],[79.701,13.88563],[79.69668,13.8777],[79.69236,13.86977],[79.68804,13.86183],[79.68373,13.8539],[79.67941,13.84597],[79.6751,13.83804],[79.67078,13.83011],[79.66646,13.82218],[79.66215,13.81425],[79.65783,13.80631],[79.65352,13.79838],[79.64921,13.79045],[79.64489,13.78252],[79.64058,13.77459],[79.63626,13.76665],[79.63195,13.75872],[79.62764,13.75079],[79.62333,13.74286],[79.61901,13.73492],[79.6147,13.72699],[79.61039,13.71906],[79.60608,13.71113],[79.60177,13.70319],[79.59746,13.69526],[79.59315,13.68733],[79.58884,13.6794],[79.58453,13.67146],[79.58022,13.66353],[79.57591,13.6556],[79.5716,13.64766],[79.56729,13.63973],[79.56298,13.6318],[79.55867,13.62386],[79.55437,13.61593],[79.55006,13.60799],[79.54575,13.60006],[79.54144,13.59213],[79.53714,13.58419],[79.53283,13.57626],[79.52852,13.56832],[79.52422,13.56039],[79.51991,13.55246],[79.51561,13.54452],[79.5113,13.53659],[79.507,13.52865],[79.50269,13.52072],[79.49839,13.51278],[79.49408,13.50485],[79.48978,13.49691],[79.48548,13.48898],[79.48117,13.48104],[79.47687,13.47311],[79.47257,13.46517],[79.46827,13.45724],[79.46397,13.4493],[79.45966,13.44137],[79.45536,13.43343],[79.45106,13.4255],[79.44676,13.41756],[79.44246,13.40962],[79.43816,13.40169],[79.43386,13.39375],[79.42956,13.38582],[79.42526,13.37788],[79.42096,13.36994],[79.41666,13.36201],[79.41236,13.35407],[79.40807,13.34614],[79.40377,13.3382],[79.39947,13.33026],[79.39517,13.32233],[79.39088,13.31439],[79.38658,13.30645],[79.38228,13.29852],[79.37799,13.29058],[79.37369,13.28264],[79.3694,13.2747],[79.3651,13.26677],[79.3608,13.25883],[79.35651,13.25089],[79.35222,13.24296],[79.34792,13.23502],[79.34363,13.22708],[79.33933,13.21914],[79.33504,13.21121],[79.33075,13.20327],[79.32645,13.19533],[79.32216,13.18739],[79.31787,13.17945],[79.31358,13.17152],[79.30928,13.16358],[79.30499,13.15564],[79.3007,13.1477],[79.29641,13.13976],[79.29212,13.13182],[79.28783,13.12389],[79.28354,13.11595],[79.27925,13.10801],[79.27496,13.10007],[79.27067,13.09213],[79.26638,13.08419],[79.26209,13.07625],[79.2578,13.06831],[79.25352,13.06037],[79.24923,13.05244],[79.24494,13.0445]]},"properties":{"id":"pl-039","kind":"pg-line","name":"Nellore PG - Tiruvalam DC line","voltage":400,"service":"In Service","lengthKm":148.113}},{"type":"Feature","id":"pl-040","geometry":{"type":"LineString","coordinates":[[77.28549,16.2013],[77.28854,16.19277],[77.29158,16.18425],[77.29462,16.17572],[77.29766,16.1672],[77.3007,16.15867],[77.30374,16.15015],[77.30678,16.14162],[77.30982,16.1331],[77.31286,16.12457],[77.3159,16.11605],[77.31894,16.10752],[77.32198,16.09899],[77.32502,16.09047],[77.32806,16.08194],[77.3311,16.07342],[77.33414,16.06489],[77.33717,16.05637],[77.34021,16.04784],[77.34325,16.03932],[77.34629,16.03079],[77.34932,16.02227],[77.35236,16.01374],[77.3554,16.00521],[77.35843,15.99669],[77.36147,15.98816],[77.3645,15.97964],[77.36754,15.97111],[77.37058,15.96258],[77.37361,15.95406],[77.37664,15.94553],[77.37968,15.93701],[77.38271,15.92848],[77.38575,15.91995],[77.38878,15.91143],[77.39181,15.9029],[77.39485,15.89437],[77.39788,15.88585],[77.40091,15.87732],[77.40395,15.86879],[77.40698,15.86027],[77.41001,15.85174],[77.41304,15.84321],[77.41607,15.83469],[77.4191,15.82616],[77.42213,15.81763],[77.42516,15.80911],[77.4282,15.80058],[77.43123,15.79205],[77.43425,15.78352],[77.43728,15.775],[77.44031,15.76647],[77.44334,15.75794],[77.44637,15.74942],[77.4494,15.74089],[77.45243,15.73236],[77.45546,15.72383],[77.45848,15.71531],[77.46151,15.70678],[77.46454,15.69825],[77.46757,15.68972],[77.47059,15.6812],[77.47362,15.67267],[77.47665,15.66414],[77.47967,15.65561],[77.4827,15.64708],[77.48572,15.63856],[77.48875,15.63003],[77.49177,15.6215],[77.4948,15.61297],[77.49782,15.60444],[77.50085,15.59592],[77.50387,15.58739],[77.50689,15.57886],[77.50992,15.57033],[77.51294,15.5618],[77.51596,15.55327],[77.51899,15.54475],[77.52201,15.53622],[77.52503,15.52769],[77.52805,15.51916],[77.53108,15.51063],[77.5341,15.5021],[77.53712,15.49357],[77.54014,15.48505],[77.54316,15.47652],[77.54618,15.46799],[77.5492,15.45946],[77.55222,15.45093],[77.55524,15.4424],[77.55826,15.43387],[77.56128,15.42534],[77.5643,15.41681],[77.56732,15.40828],[77.57034,15.39975],[77.57336,15.39123],[77.57637,15.3827],[77.57939,15.37417],[77.58241,15.36564],[77.58543,15.35711],[77.58844,15.34858],[77.59146,15.34005],[77.59448,15.33152],[77.59749,15.32299],[77.60051,15.31446],[77.60352,15.30593],[77.60654,15.2974],[77.60956,15.28887],[77.61257,15.28034],[77.61559,15.27181],[77.6186,15.26328],[77.62161,15.25475],[77.62463,15.24622],[77.62764,15.23769],[77.63066,15.22916],[77.63367,15.22063],[77.63668,15.2121],[77.6397,15.20357],[77.64271,15.19504],[77.64572,15.18651],[77.64873,15.17798],[77.65175,15.16945],[77.65476,15.16092],[77.65777,15.15239]]},"properties":{"id":"pl-040","kind":"pg-line","name":"Raichur- Gooty DC line","voltage":400,"service":"In Service","lengthKm":123.255}},{"type":"Feature","id":"pl-041","geometry":{"type":"LineString","coordinates":[[77.65777,15.15239],[77.65464,15.1439],[77.65152,15.13541],[77.64839,15.12692],[77.64527,15.11843],[77.64214,15.10994],[77.63902,15.10145],[77.63589,15.09296],[77.63277,15.08447],[77.62965,15.07598],[77.62652,15.06749],[77.6234,15.059],[77.62028,15.05051],[77.61716,15.04202],[77.61403,15.03353],[77.61091,15.02504],[77.60779,15.01655],[77.60467,15.00806],[77.60155,14.99957],[77.59842,14.99107],[77.5953,14.98258],[77.59218,14.97409],[77.58906,14.9656],[77.58594,14.95711],[77.58282,14.94862],[77.5797,14.94013],[77.57658,14.93164],[77.57346,14.92315],[77.57034,14.91466],[77.56723,14.90617],[77.56411,14.89768],[77.56099,14.88919],[77.55787,14.88069],[77.55475,14.8722],[77.55164,14.86371],[77.54852,14.85522],[77.5454,14.84673],[77.54229,14.83824],[77.53917,14.82975],[77.53605,14.82126],[77.53294,14.81276],[77.52982,14.80427],[77.5267,14.79578],[77.52359,14.78729],[77.52047,14.7788],[77.51736,14.77031],[77.51425,14.76181],[77.51113,14.75332],[77.50802,14.74483],[77.5049,14.73634],[77.50179,14.72785],[77.49868,14.71935],[77.49556,14.71086],[77.49245,14.70237],[77.48934,14.69388],[77.48622,14.68539],[77.48311,14.67689],[77.48,14.6684],[77.47689,14.65991],[77.47378,14.65142],[77.47067,14.64292],[77.46756,14.63443],[77.46444,14.62594],[77.46133,14.61745],[77.45822,14.60895],[77.45511,14.60046],[77.452,14.59197],[77.44889,14.58348],[77.44579,14.57498],[77.44268,14.56649],[77.43957,14.558],[77.43646,14.5495],[77.43335,14.54101],[77.43024,14.53252],[77.42713,14.52403],[77.42403,14.51553],[77.42092,14.50704],[77.41781,14.49855],[77.41471,14.49005],[77.4116,14.48156],[77.40849,14.47307],[77.40539,14.46457],[77.40228,14.45608],[77.39917,14.44759],[77.39607,14.43909],[77.39296,14.4306],[77.38986,14.4221],[77.38675,14.41361],[77.38365,14.40512],[77.38054,14.39662],[77.37744,14.38813],[77.37434,14.37964],[77.37123,14.37114],[77.36813,14.36265],[77.36503,14.35415],[77.36192,14.34566],[77.35882,14.33717],[77.35572,14.32867],[77.35262,14.32018],[77.34951,14.31168],[77.34641,14.30319],[77.34331,14.29469],[77.34021,14.2862],[77.33711,14.27771],[77.33401,14.26921],[77.33091,14.26072],[77.32781,14.25222],[77.32471,14.24373],[77.32161,14.23523],[77.31851,14.22674],[77.31541,14.21824],[77.31231,14.20975],[77.30921,14.20125],[77.30611,14.19276],[77.30301,14.18426],[77.29991,14.17577],[77.29682,14.16727],[77.29372,14.15878],[77.29062,14.15028],[77.28752,14.14179],[77.28443,14.13329],[77.28133,14.1248],[77.27823,14.1163],[77.27514,14.10781],[77.27204,14.09931],[77.26894,14.09082],[77.26585,14.08232],[77.26275,14.07382],[77.25966,14.06533],[77.25656,14.05683],[77.25347,14.04834],[77.25037,14.03984],[77.24728,14.03135],[77.24418,14.02285],[77.24109,14.01435],[77.238,14.00586],[77.2349,13.99736],[77.23181,13.98887],[77.22872,13.98037],[77.22562,13.97187],[77.22253,13.96338],[77.21944,13.95488],[77.21635,13.94639],[77.21325,13.93789],[77.21016,13.92939],[77.20707,13.9209],[77.20398,13.9124],[77.20089,13.9039],[77.1978,13.89541],[77.19471,13.88691],[77.19162,13.87841],[77.18853,13.86992],[77.18544,13.86142],[77.18235,13.85292],[77.17926,13.84443],[77.17617,13.83593],[77.17308,13.82743],[77.16999,13.81894],[77.1669,13.81044],[77.16381,13.80194],[77.16073,13.79345],[77.15764,13.78495],[77.15455,13.77645],[77.15146,13.76795],[77.14838,13.75946],[77.14529,13.75096],[77.1422,13.74246],[77.13912,13.73396],[77.13603,13.72547],[77.13294,13.71697],[77.12986,13.70847],[77.12677,13.69997],[77.12369,13.69148],[77.1206,13.68298],[77.11752,13.67448],[77.11443,13.66598],[77.11135,13.65749],[77.10826,13.64899],[77.10518,13.64049],[77.1021,13.63199],[77.09901,13.62349],[77.09593,13.615],[77.09285,13.6065],[77.08976,13.598],[77.08668,13.5895],[77.0836,13.581],[77.08051,13.57251],[77.07743,13.56401],[77.07435,13.55551],[77.07127,13.54701],[77.06819,13.53851],[77.06511,13.53001],[77.06203,13.52152],[77.05894,13.51302],[77.05586,13.50452],[77.05278,13.49602],[77.0497,13.48752],[77.04662,13.47902]]},"properties":{"id":"pl-041","kind":"pg-line","name":"Gooty- PVGDA(PG) Tumukur DC line","voltage":400,"service":"In Service","lengthKm":197.376}},{"type":"Feature","id":"pl-042","geometry":{"type":"LineString","coordinates":[[77.39539,13.08593],[77.39651,13.09487],[77.39764,13.10382],[77.39877,13.11277],[77.39989,13.12171],[77.40102,13.13066],[77.40214,13.13961],[77.40327,13.14855],[77.4044,13.1575],[77.40552,13.16645],[77.40665,13.1754],[77.40778,13.18434],[77.4089,13.19329],[77.41003,13.20224],[77.41116,13.21118],[77.41229,13.22013],[77.41341,13.22908],[77.41454,13.23802],[77.41567,13.24697],[77.41679,13.25592],[77.41792,13.26486],[77.41905,13.27381],[77.42018,13.28276],[77.42131,13.2917],[77.42243,13.30065],[77.42356,13.3096],[77.42469,13.31854],[77.42582,13.32749],[77.42695,13.33644],[77.42807,13.34539],[77.4292,13.35433],[77.43033,13.36328],[77.43146,13.37223],[77.43259,13.38117],[77.43372,13.39012],[77.43484,13.39907],[77.43597,13.40801],[77.4371,13.41696],[77.43823,13.42591],[77.43936,13.43485],[77.44049,13.4438],[77.44162,13.45275],[77.44275,13.46169],[77.44388,13.47064],[77.44501,13.47959],[77.44614,13.48853],[77.44727,13.49748],[77.4484,13.50642],[77.44953,13.51537],[77.45066,13.52432],[77.45179,13.53326],[77.45292,13.54221],[77.45405,13.55116],[77.45518,13.5601],[77.45631,13.56905],[77.45744,13.578],[77.45857,13.58694],[77.4597,13.59589],[77.46083,13.60484],[77.46196,13.61378],[77.46309,13.62273],[77.46422,13.63168],[77.46535,13.64062],[77.46648,13.64957],[77.46761,13.65851],[77.46875,13.66746],[77.46988,13.67641],[77.47101,13.68535],[77.47214,13.6943],[77.47327,13.70325],[77.4744,13.71219],[77.47554,13.72114],[77.47667,13.73008],[77.4778,13.73903],[77.47893,13.74798],[77.48006,13.75692],[77.4812,13.76587],[77.48233,13.77482],[77.48346,13.78376],[77.48459,13.79271],[77.48573,13.80165],[77.48686,13.8106],[77.48799,13.81955],[77.48912,13.82849],[77.49026,13.83744],[77.49139,13.84638],[77.49252,13.85533],[77.49366,13.86428],[77.49479,13.87322],[77.49592,13.88217],[77.49706,13.89111],[77.49819,13.90006],[77.49932,13.90901],[77.50046,13.91795],[77.50159,13.9269],[77.50272,13.93585],[77.50386,13.94479],[77.50499,13.95374],[77.50613,13.96268],[77.50726,13.97163],[77.50839,13.98057],[77.50953,13.98952],[77.51066,13.99847],[77.5118,14.00741],[77.51293,14.01636],[77.51407,14.0253],[77.5152,14.03425],[77.51634,14.0432],[77.51747,14.05214],[77.51861,14.06109],[77.51974,14.07003],[77.52088,14.07898],[77.52201,14.08792],[77.52315,14.09687],[77.52428,14.10582],[77.52542,14.11476],[77.52655,14.12371],[77.52769,14.13265],[77.52883,14.1416],[77.52996,14.15055],[77.5311,14.15949],[77.53223,14.16844],[77.53337,14.17738],[77.53451,14.18633],[77.53564,14.19527],[77.53678,14.20422],[77.53792,14.21316],[77.53905,14.22211],[77.54019,14.23106],[77.54133,14.24],[77.54246,14.24895],[77.5436,14.25789],[77.54474,14.26684],[77.54588,14.27578],[77.54701,14.28473],[77.54815,14.29367],[77.54929,14.30262],[77.55043,14.31157],[77.55156,14.32051],[77.5527,14.32946],[77.55384,14.3384],[77.55498,14.34735],[77.55611,14.35629],[77.55725,14.36524],[77.55839,14.37418],[77.55953,14.38313],[77.56067,14.39207],[77.56181,14.40102],[77.56294,14.40996],[77.56408,14.41891],[77.56522,14.42786],[77.56636,14.4368],[77.5675,14.44575],[77.56864,14.45469],[77.56978,14.46364],[77.57092,14.47258],[77.57206,14.48153],[77.5732,14.49047],[77.57434,14.49942],[77.57547,14.50836],[77.57661,14.51731],[77.57775,14.52625],[77.57889,14.5352],[77.58003,14.54414],[77.58117,14.55309],[77.58231,14.56203],[77.58345,14.57098],[77.58459,14.57992],[77.58574,14.58887],[77.58688,14.59781],[77.58802,14.60676],[77.58916,14.6157],[77.5903,14.62465],[77.59144,14.63359],[77.59258,14.64254],[77.59372,14.65148],[77.59486,14.66043],[77.596,14.66937],[77.59714,14.67832],[77.59829,14.68726],[77.59943,14.69621],[77.60057,14.70515],[77.60171,14.7141],[77.60285,14.72304],[77.60399,14.73199],[77.60514,14.74093],[77.60628,14.74988],[77.60742,14.75882],[77.60856,14.76777],[77.60971,14.77671],[77.61085,14.78566],[77.61199,14.7946],[77.61313,14.80355],[77.61428,14.81249],[77.61542,14.82144],[77.61656,14.83038],[77.6177,14.83933],[77.61885,14.84827],[77.61999,14.85722],[77.62113,14.86616],[77.62228,14.87511],[77.62342,14.88405],[77.62456,14.893],[77.62571,14.90194],[77.62685,14.91088],[77.628,14.91983],[77.62914,14.92877],[77.63028,14.93772],[77.63143,14.94666],[77.63257,14.95561],[77.63372,14.96455],[77.63486,14.9735],[77.63601,14.98244],[77.63715,14.99139],[77.63829,15.00033],[77.63944,15.00927],[77.64058,15.01822],[77.64173,15.02716],[77.64287,15.03611],[77.64402,15.04505],[77.64516,15.054],[77.64631,15.06294],[77.64746,15.07189],[77.6486,15.08083],[77.64975,15.08977],[77.65089,15.09872],[77.65204,15.10766],[77.65318,15.11661],[77.65433,15.12555],[77.65548,15.1345],[77.65662,15.14344],[77.65777,15.15239]]},"properties":{"id":"pl-042","kind":"pg-line","name":"Nelamangala- Gooty DC line","voltage":400,"service":"In Service","lengthKm":231.515}},{"type":"Feature","id":"pl-043","geometry":{"type":"LineString","coordinates":[[79.24494,13.0445],[79.24386,13.05309],[79.24278,13.06169],[79.2417,13.07028],[79.24062,13.07887],[79.23954,13.08747],[79.23846,13.09606],[79.23738,13.10466],[79.2363,13.11325],[79.23522,13.12185],[79.23414,13.13044],[79.23306,13.13904],[79.23198,13.14763],[79.2309,13.15623],[79.22982,13.16482],[79.22874,13.17342],[79.22766,13.18201],[79.22658,13.19061],[79.2255,13.1992],[79.22441,13.20779],[79.22434,13.21439],[79.22448,13.21538],[79.22434,13.21439],[79.22473,13.2153]]},"properties":{"id":"pl-043","kind":"pg-line","name":"Tiruvalam- Chittor DC line","voltage":400,"service":"In Service","lengthKm":19.359}},{"type":"Feature","id":"pl-044","geometry":{"type":"LineString","coordinates":[[82.05432,17.09202],[82.06263,17.09615],[82.07094,17.10028],[82.07925,17.10441],[82.08756,17.10854],[82.09587,17.11268],[82.10418,17.11681],[82.1125,17.12094],[82.12081,17.12507],[82.12912,17.1292],[82.13743,17.13333],[82.14574,17.13746],[82.15406,17.14159],[82.16237,17.14571],[82.17069,17.14984],[82.179,17.15397],[82.18731,17.1581],[82.19563,17.16222],[82.20395,17.16635],[82.21226,17.17048],[82.22058,17.1746],[82.22889,17.17873],[82.23721,17.18286],[82.24553,17.18698],[82.25385,17.19111],[82.26216,17.19523],[82.27048,17.19935],[82.2788,17.20348],[82.28712,17.2076],[82.29544,17.21172],[82.30376,17.21585],[82.31208,17.21997],[82.3204,17.22409],[82.32872,17.22821],[82.33704,17.23233],[82.34537,17.23645],[82.35369,17.24058],[82.36201,17.2447],[82.37033,17.24882],[82.37866,17.25294],[82.38698,17.25705],[82.3953,17.26117],[82.40363,17.26529],[82.41195,17.26941],[82.42028,17.27353],[82.4286,17.27765],[82.43693,17.28176],[82.44525,17.28588],[82.45358,17.29],[82.46191,17.29411],[82.47024,17.29823],[82.47856,17.30234],[82.48689,17.30646],[82.49522,17.31057],[82.50355,17.31469],[82.51188,17.3188],[82.52021,17.32292],[82.52854,17.32703],[82.53687,17.33114],[82.5452,17.33525],[82.55353,17.33937],[82.56186,17.34348],[82.57019,17.34759],[82.57852,17.3517],[82.58686,17.35581],[82.59519,17.35992],[82.60352,17.36403],[82.61186,17.36814],[82.62019,17.37225],[82.62852,17.37636],[82.63686,17.38047],[82.64519,17.38458],[82.65353,17.38869],[82.66187,17.39279],[82.6702,17.3969],[82.67854,17.40101],[82.68688,17.40512],[82.69521,17.40922],[82.70355,17.41333],[82.71189,17.41743],[82.72023,17.42154],[82.72857,17.42564],[82.7369,17.42975],[82.74524,17.43385],[82.75358,17.43796],[82.76192,17.44206],[82.77027,17.44616],[82.77861,17.45027],[82.78695,17.45437],[82.79529,17.45847],[82.80363,17.46257],[82.81197,17.46667],[82.82032,17.47078],[82.82866,17.47488],[82.837,17.47898],[82.84535,17.48308],[82.85369,17.48718],[82.86204,17.49128],[82.87038,17.49537],[82.87873,17.49947],[82.88707,17.50357],[82.89542,17.50767],[82.90377,17.51177],[82.91211,17.51586],[82.92046,17.51996],[82.92881,17.52406],[82.93716,17.52815],[82.94551,17.53225],[82.95385,17.53634],[82.9622,17.54044],[82.97055,17.54453],[82.9789,17.54863],[82.98725,17.55272],[82.9956,17.55682],[83.00396,17.56091],[83.01231,17.565],[83.02066,17.5691],[83.02901,17.57319],[83.03736,17.57728],[83.04572,17.58137],[83.05407,17.58546],[83.06242,17.58955],[83.07078,17.59364],[83.07913,17.59773],[83.08749,17.60182]]},"properties":{"id":"pl-044","kind":"pg-line","name":"Vemagiri PG- Simhadri- StageII DC line","voltage":400,"service":"In Service","lengthKm":123.443}},{"type":"Feature","id":"pl-045","geometry":{"type":"LineString","coordinates":[[83.13335,17.64088],[83.12939,17.64903],[83.12543,17.65718],[83.12148,17.66533],[83.11752,17.67348],[83.11356,17.68163],[83.1096,17.68978],[83.10564,17.69793],[83.10168,17.70608],[83.09771,17.71423],[83.09375,17.72238],[83.08979,17.73053],[83.08583,17.73868],[83.08187,17.74683],[83.0779,17.75498],[83.07394,17.76313],[83.06998,17.77128],[83.06601,17.77943],[83.06205,17.78758],[83.05809,17.79573],[83.05412,17.80388],[83.05015,17.81203],[83.04619,17.82017],[83.04222,17.82832],[83.03826,17.83647],[83.03429,17.84462],[83.03032,17.85277],[83.02636,17.86092],[83.02239,17.86907],[83.01842,17.87721],[83.01445,17.88536],[83.01048,17.89351],[83.00651,17.90166],[83.00254,17.90981],[82.99857,17.91795],[82.9946,17.9261],[82.99063,17.93425],[82.98666,17.9424],[82.98269,17.95054],[82.97872,17.95869],[82.97475,17.96684],[82.97077,17.97498],[82.9668,17.98313],[82.96283,17.99128],[82.95885,17.99943],[82.95488,18.00757],[82.9509,18.01572],[82.94693,18.02387],[82.94295,18.03201],[82.93898,18.04016],[82.935,18.0483],[82.93103,18.05645],[82.92705,18.0646],[82.92307,18.07274],[82.9191,18.08089],[82.91512,18.08903],[82.91114,18.09718],[82.90716,18.10533],[82.90318,18.11347],[82.8992,18.12162],[82.89522,18.12976],[82.89125,18.13791],[82.88726,18.14605],[82.88328,18.1542],[82.8793,18.16234],[82.87532,18.17049],[82.87134,18.17863],[82.86736,18.18678],[82.86338,18.19492],[82.85939,18.20307],[82.85541,18.21121],[82.85143,18.21936],[82.84744,18.2275],[82.84346,18.23565],[82.83947,18.24379],[82.83549,18.25193],[82.8315,18.26008],[82.82752,18.26822],[82.82353,18.27637],[82.81954,18.28451],[82.81556,18.29265],[82.81157,18.3008],[82.80758,18.30894],[82.80359,18.31708],[82.79961,18.32523],[82.79562,18.33337],[82.79163,18.34151],[82.78764,18.34966],[82.78365,18.3578],[82.77966,18.36594],[82.77567,18.37408],[82.77168,18.38223],[82.76769,18.39037],[82.76369,18.39851],[82.7597,18.40665],[82.75571,18.4148],[82.75172,18.42294],[82.74772,18.43108],[82.74373,18.43922],[82.73973,18.44736],[82.73574,18.45551],[82.73175,18.46365],[82.72775,18.47179],[82.72376,18.47993],[82.71976,18.48807],[82.71576,18.49621],[82.71177,18.50436],[82.70777,18.5125],[82.70377,18.52064],[82.69977,18.52878],[82.69578,18.53692],[82.69178,18.54506],[82.68778,18.5532],[82.68378,18.56134],[82.67978,18.56948],[82.67578,18.57762],[82.67178,18.58576],[82.66778,18.5939],[82.66378,18.60204],[82.65978,18.61018],[82.65577,18.61832],[82.65177,18.62646],[82.64777,18.6346],[82.64377,18.64274],[82.63976,18.65088],[82.63576,18.65902],[82.63175,18.66716],[82.62775,18.6753],[82.62374,18.68344],[82.61974,18.69158],[82.61573,18.69972],[82.61173,18.70786],[82.60772,18.716],[82.60371,18.72414],[82.59971,18.73227],[82.5957,18.74041],[82.59169,18.74855],[82.58768,18.75669],[82.58367,18.76483],[82.57966,18.77297],[82.57565,18.7811],[82.57164,18.78924],[82.56763,18.79738],[82.56362,18.80552],[82.55961,18.81366],[82.5556,18.82179],[82.55159,18.82993],[82.54758,18.83807],[82.54356,18.84621],[82.53955,18.85434],[82.53554,18.86248],[82.53152,18.87062],[82.52751,18.87875],[82.52349,18.88689],[82.51948,18.89503],[82.51546,18.90317],[82.51145,18.9113]]},"properties":{"id":"pl-045","kind":"pg-line","name":"Gajuwaka - Jypore HVDC","voltage":400,"service":"In Service","lengthKm":155.779}},{"type":"Feature","id":"pl-046","geometry":{"type":"LineString","coordinates":[[82.05432,17.09202],[81.86101,16.99502],[81.82538,16.96645],[81.80733,16.94764],[81.80529,16.94485],[81.80518,16.94409],[81.8054,16.94323],[81.80518,16.94409],[81.80514,16.94321]]},"properties":{"id":"pl-046","kind":"pg-line","name":"Vemagiri PG - Vemagiri DC line","voltage":400,"service":"In Service","lengthKm":31.755}},{"type":"Feature","id":"pl-047","geometry":{"type":"LineString","coordinates":[[83.14262,17.5652],[83.14359,17.56539],[83.14278,17.56485],[83.14359,17.56539],[83.14472,17.56635],[83.14497,17.5684],[83.12202,17.61005],[83.12156,17.60949],[83.12202,17.61005],[83.12146,17.60971]]},"properties":{"id":"pl-047","kind":"pg-line","name":"Kalapaka HNPCL Hinduja TMDC Line(AL59)","voltage":400,"service":"In sevice (Private)","lengthKm":6.165}},{"type":"Feature","id":"pl-048","geometry":{"type":"LineString","coordinates":[[79.2779,13.29114],[78.79873,14.38341]]},"properties":{"id":"pl-048","kind":"pg-line","name":"Kadapa- Chittor SC line","voltage":400,"service":"In Service","lengthKm":132.014}},{"type":"Feature","id":"pl-049","geometry":{"type":"LineString","coordinates":[[79.97448,12.98117],[79.27822,13.291],[79.2779,13.29114]]},"properties":{"id":"pl-049","kind":"pg-line","name":"Sri Perambadur- Chittor SC line","voltage":400,"service":"In Service","lengthKm":82.932}},{"type":"Feature","id":"pl-050","geometry":{"type":"LineString","coordinates":[[79.89992,14.25037],[79.89559,14.24244],[79.89126,14.23451],[79.88411,14.2247],[79.88355,14.22303]]},"properties":{"id":"pl-050","kind":"pg-line","name":"Nellore PS - Nellore PG DC line","voltage":400,"service":"In Service","lengthKm":3.525}},{"type":"Feature","id":"pl-051","geometry":{"type":"LineString","coordinates":[[80.68445,16.5647],[80.68149,16.55616],[80.67853,16.54762],[80.67558,16.53908],[80.67262,16.53054],[80.66967,16.522],[80.66671,16.51346],[80.66376,16.50492],[80.6608,16.49638],[80.65785,16.48784],[80.65489,16.4793],[80.65194,16.47076],[80.64899,16.46222],[80.64603,16.45368],[80.64308,16.44514],[80.64013,16.4366],[80.63717,16.42806],[80.63422,16.41952],[80.63127,16.41098],[80.62832,16.40244],[80.62537,16.3939],[80.62241,16.38535],[80.61946,16.37681],[80.61651,16.36827],[80.61356,16.35973],[80.61061,16.35119],[80.60766,16.34265],[80.60471,16.33411],[80.60176,16.32557],[80.59881,16.31703],[80.59586,16.30848],[80.59291,16.29994],[80.58997,16.2914],[80.58702,16.28286],[80.58407,16.27432],[80.58112,16.26578],[80.57817,16.25724],[80.57523,16.24869],[80.57228,16.24015],[80.56933,16.23161],[80.56639,16.22307],[80.56344,16.21453],[80.56049,16.20598],[80.55755,16.19744],[80.5546,16.1889],[80.55166,16.18036],[80.54871,16.17182],[80.54577,16.16327],[80.54282,16.15473],[80.53988,16.14619],[80.53694,16.13765],[80.53399,16.12911],[80.53105,16.12056],[80.52811,16.11202],[80.52516,16.10348],[80.52222,16.09494],[80.51928,16.08639],[80.51633,16.07785],[80.51339,16.06931],[80.51045,16.06076],[80.50751,16.05222],[80.50457,16.04368],[80.50163,16.03514],[80.49869,16.02659],[80.49575,16.01805],[80.49281,16.00951],[80.48987,16.00096],[80.48693,15.99242],[80.48399,15.98388],[80.48105,15.97534],[80.47811,15.96679],[80.47517,15.95825],[80.47223,15.94971],[80.46929,15.94116],[80.46636,15.93262],[80.46342,15.92408],[80.46048,15.91553],[80.45754,15.90699],[80.45461,15.89844],[80.45167,15.8899],[80.44873,15.88136],[80.4458,15.87281],[80.44286,15.86427],[80.43993,15.85573],[80.43699,15.84718],[80.43405,15.83864],[80.43112,15.83009],[80.42818,15.82155],[80.42525,15.81301],[80.42232,15.80446],[80.41938,15.79592],[80.41645,15.78737],[80.41351,15.77883],[80.41058,15.77028],[80.40765,15.76174],[80.40472,15.7532],[80.40178,15.74465],[80.39885,15.73611],[80.39592,15.72756],[80.39299,15.71902],[80.39006,15.71047],[80.38712,15.70193],[80.38419,15.69338],[80.38126,15.68484],[80.37833,15.67629],[80.3754,15.66775],[80.37247,15.6592],[80.36954,15.65066],[80.36661,15.64211],[80.36368,15.63357],[80.36075,15.62502],[80.35782,15.61648],[80.3549,15.60793],[80.35197,15.59939],[80.34904,15.59084],[80.34611,15.5823],[80.34318,15.57375],[80.34026,15.56521],[80.33733,15.55666],[80.3344,15.54812],[80.33148,15.53957],[80.32855,15.53103],[80.32562,15.52248],[80.3227,15.51393],[80.31977,15.50539],[80.31685,15.49684],[80.31392,15.4883],[80.311,15.47975],[80.30807,15.47121],[80.30515,15.46266],[80.30222,15.45411],[80.2993,15.44557],[80.29637,15.43702],[80.29345,15.42848],[80.29053,15.41993],[80.2876,15.41138],[80.28468,15.40284],[80.28176,15.39429],[80.27884,15.38574],[80.27591,15.3772],[80.27299,15.36865],[80.27007,15.3601],[80.26715,15.35156],[80.26423,15.34301],[80.26131,15.33447],[80.25839,15.32592],[80.25547,15.31737],[80.25255,15.30882],[80.24963,15.30028],[80.24671,15.29173],[80.24379,15.28318],[80.24087,15.27464],[80.23795,15.26609],[80.23503,15.25754],[80.23211,15.249],[80.22919,15.24045],[80.22627,15.2319],[80.22336,15.22335],[80.22044,15.21481],[80.21752,15.20626],[80.2146,15.19771],[80.21169,15.18917],[80.20877,15.18062],[80.20585,15.17207],[80.20294,15.16352],[80.20002,15.15498],[80.19711,15.14643],[80.19419,15.13788],[80.19128,15.12933],[80.18836,15.12079],[80.18545,15.11224],[80.18253,15.10369],[80.17962,15.09514],[80.1767,15.08659],[80.17379,15.07805],[80.17087,15.0695],[80.16796,15.06095],[80.16505,15.0524],[80.16214,15.04385],[80.15922,15.03531],[80.15631,15.02676],[80.1534,15.01821],[80.15049,15.00966],[80.14757,15.00111],[80.14466,14.99256],[80.14175,14.98402],[80.13884,14.97547],[80.13593,14.96692],[80.13302,14.95837],[80.13011,14.94982],[80.1272,14.94127],[80.12429,14.93272],[80.12138,14.92418],[80.11847,14.91563],[80.11556,14.90708],[80.11265,14.89853],[80.10974,14.88998],[80.10683,14.88143],[80.10392,14.87288],[80.10102,14.86433],[80.09811,14.85578],[80.0952,14.84723],[80.09229,14.83869],[80.08939,14.83014],[80.08648,14.82159],[80.08357,14.81304],[80.08067,14.80449],[80.07776,14.79594],[80.07485,14.78739],[80.07195,14.77884],[80.06904,14.77029],[80.06614,14.76174],[80.06323,14.75319],[80.06033,14.74464],[80.05742,14.73609],[80.05452,14.72754],[80.05161,14.71899],[80.04871,14.71044],[80.04581,14.70189],[80.0429,14.69334],[80.04,14.68479],[80.0371,14.67624],[80.03419,14.66769],[80.03129,14.65914],[80.02839,14.65059],[80.02549,14.64204],[80.02258,14.63349],[80.01968,14.62494],[80.01678,14.61639],[80.01388,14.60784],[80.01098,14.59929],[80.00808,14.59074],[80.00518,14.58219],[80.00228,14.57364],[79.99938,14.56509],[79.99648,14.55654],[79.99358,14.54799],[79.99068,14.53944],[79.98778,14.53089],[79.98488,14.52234],[79.98198,14.51379],[79.97908,14.50523],[79.97618,14.49668],[79.97328,14.48813],[79.97039,14.47958],[79.96749,14.47103],[79.96459,14.46248],[79.96169,14.45393],[79.9588,14.44538],[79.9559,14.43683],[79.953,14.42828],[79.95011,14.41972],[79.94721,14.41117],[79.94431,14.40262],[79.94142,14.39407],[79.93852,14.38552],[79.93563,14.37697],[79.93273,14.36842],[79.92984,14.35986],[79.92694,14.35131],[79.92405,14.34276],[79.92115,14.33421],[79.91826,14.32566],[79.91537,14.31711],[79.91247,14.30855],[79.90958,14.3],[79.90669,14.29145],[79.90379,14.2829],[79.9009,14.27435],[79.89801,14.26579],[79.89512,14.25724],[79.89222,14.24869],[79.88933,14.24014],[79.88644,14.23159],[79.88355,14.22303]]},"properties":{"id":"pl-051","kind":"pg-line","name":"Nunna- Nellore DC line","voltage":400,"service":"In Service","lengthKm":274.17}},{"type":"Feature","id":"pl-052","geometry":{"type":"LineString","coordinates":[[79.88355,14.22303],[79.88453,14.22303]]},"properties":{"id":"pl-052","kind":"pg-line","name":"Manubolu-Nellore PCIL CKT-1","voltage":400,"service":"In Service","lengthKm":0.106}},{"type":"Feature","id":"pl-053","geometry":{"type":"LineString","coordinates":[[79.88355,14.22303],[79.88416,14.22182]]},"properties":{"id":"pl-053","kind":"pg-line","name":"Manubolu-Nellore PCIL CKT-2","voltage":400,"service":"In Service","lengthKm":0.15}}]}