{"type":"FeatureCollection","features":[{"type":"Feature","id":"s-ss-132kv-crkt","geometry":{"type":"Point","coordinates":[81.18079,16.47763]},"properties":{"id":"s-ss-132kv-crkt","kind":"substation","name":"CHIGURUKOTA","descriptiveName":"132KV CHIGURUKOTA SS","ssCode":"SS_132KV_CRKT","voltage":132,"circle":"Vijayawada","circleInferred":false,"doc":null,"lng":81.18079,"lat":16.47763,"connectedLineIds":["l-1079","l-1080","l-1081"],"connectedLineCount":3,"zone":"Vijayawada","division":"Nunna"}},{"type":"Feature","id":"s-ss-132kv-bvpm","geometry":{"type":"Point","coordinates":[80.58894,16.52657]},"properties":{"id":"s-ss-132kv-bvpm","kind":"substation","name":"BHAVANIPURAM","descriptiveName":"132KV BHAVANIPURAM SS","ssCode":"SS-132KV-BVPM","voltage":132,"circle":"Vijayawada","circleInferred":false,"doc":null,"lng":80.58894,"lat":16.52657,"connectedLineIds":["l-0499","l-0500","l-0708","l-1062"],"connectedLineCount":4,"zone":"Vijayawada","division":"Gunadala"}},{"type":"Feature","id":"s-ss-132kv-atnr","geometry":{"type":"Point","coordinates":[80.67172,16.49963]},"properties":{"id":"s-ss-132kv-atnr","kind":"substation","name":"AUTONAGAR","descriptiveName":"132KV AUTONAGAR SS","ssCode":"SS-132KV-ATNR","voltage":132,"circle":"Vijayawada","circleInferred":false,"doc":null,"lng":80.67172,"lat":16.49963,"connectedLineIds":["l-0483","l-0629"],"connectedLineCount":2,"zone":"Vijayawada","division":"Gunadala"}},{"type":"Feature","id":"s-ss-132kv-udgr","geometry":{"type":"Point","coordinates":[79.31623,14.87364]},"properties":{"id":"s-ss-132kv-udgr","kind":"substation","name":"UDAYAGIRI","descriptiveName":"132KV UDAYAGIRI SS","ssCode":"SS-132KV-UDGR","voltage":132,"circle":"Nellore","circleInferred":false,"doc":null,"lng":79.31623,"lat":14.87364,"connectedLineIds":["l-0481","l-1170"],"connectedLineCount":2,"zone":"Vijayawada","division":"Nellore"}},{"type":"Feature","id":"s-ss-132kv-vkgr","geometry":{"type":"Point","coordinates":[79.59637,13.95549]},"properties":{"id":"s-ss-132kv-vkgr","kind":"substation","name":"VENKATAGIRI","descriptiveName":"132KV VENKATAGIRI SS","ssCode":"SS-132KV-VKGR","voltage":132,"circle":"Nellore","circleInferred":false,"doc":null,"lng":79.59637,"lat":13.95549,"connectedLineIds":["l-0932","l-0993","l-1054"],"connectedLineCount":3,"zone":"Vijayawada","division":"Nellore"}},{"type":"Feature","id":"s-ss-132kv-nvgn","geometry":{"type":"Point","coordinates":[80.04055,14.47065]},"properties":{"id":"s-ss-132kv-nvgn","kind":"substation","name":"NVGARDEN","descriptiveName":"132KV NVGARDEN SS","ssCode":"SS-132KV-NVGN","voltage":132,"circle":"Nellore","circleInferred":false,"doc":null,"lng":80.04055,"lat":14.47065,"connectedLineIds":["l-0813","l-0830"],"connectedLineCount":2,"zone":"Vijayawada","division":"Nellore"}},{"type":"Feature","id":"s-ss-132kv-rapr","geometry":{"type":"Point","coordinates":[79.59107,14.24914]},"properties":{"id":"s-ss-132kv-rapr","kind":"substation","name":"RAPUR","descriptiveName":"132KV RAPUR SS","ssCode":"SS-132KV-RAPR","voltage":132,"circle":"Nellore","circleInferred":false,"doc":null,"lng":79.59107,"lat":14.24914,"connectedLineIds":["l-0746","l-0747"],"connectedLineCount":2,"zone":"Vijayawada","division":"Nellore"}},{"type":"Feature","id":"s-ss-132kv-anmp","geometry":{"type":"Point","coordinates":[78.95351,15.49769]},"properties":{"id":"s-ss-132kv-anmp","kind":"substation","name":"ANUMALAPALLI","descriptiveName":"132KV ANUMALAPALLI SS","ssCode":"SS-132KV-ANMP","voltage":132,"circle":"Ongole","circleInferred":false,"doc":null,"lng":78.95351,"lat":15.49769,"connectedLineIds":["l-0463","l-0570","l-0605"],"connectedLineCount":3,"zone":"Vijayawada","division":"Podili"}},{"type":"Feature","id":"s-ss-132kv-bdvm","geometry":{"type":"Point","coordinates":[80.0609,14.3516]},"properties":{"id":"s-ss-132kv-bdvm","kind":"substation","name":"BRAHMADEVAM","descriptiveName":"132KV BRAHMADEVAM SS","ssCode":"SS-132KV-BDVM","voltage":132,"circle":"Nellore","circleInferred":false,"doc":null,"lng":80.0609,"lat":14.3516,"connectedLineIds":["l-0527","l-0528","l-0529","l-0810","l-0811"],"connectedLineCount":5,"zone":"Vijayawada","division":"Nellore"}},{"type":"Feature","id":"s-ss-132kv-mcpm","geometry":{"type":"Point","coordinates":[81.11692,16.18276]},"properties":{"id":"s-ss-132kv-mcpm","kind":"substation","name":"MACHILIPATNAM","descriptiveName":"132KV MACHILIPATNAM SS","ssCode":"SS-132KV-MCPM","voltage":132,"circle":"Vijayawada","circleInferred":false,"doc":null,"lng":81.11692,"lat":16.18276,"connectedLineIds":["l-0733","l-0856","l-0857","l-1188"],"connectedLineCount":4,"zone":"Vijayawada","division":"Nunna"}},{"type":"Feature","id":"s-ss-132kv-cmbm","geometry":{"type":"Point","coordinates":[79.1167,15.59146]},"properties":{"id":"s-ss-132kv-cmbm","kind":"substation","name":"CUMBUM","descriptiveName":"132KV CUMBUM SS","ssCode":"SS-132KV-CMBM","voltage":132,"circle":"Ongole","circleInferred":false,"doc":null,"lng":79.1167,"lat":15.59146,"connectedLineIds":["l-0570","l-0571","l-0748","l-0749"],"connectedLineCount":4,"zone":"Vijayawada","division":"Podili"}},{"type":"Feature","id":"s-ss-132kv-ntss","geometry":{"type":"Point","coordinates":[79.98601,14.49133]},"properties":{"id":"s-ss-132kv-ntss","kind":"substation","name":"NTS","descriptiveName":"132KV NTS SS","ssCode":"SS-132KV-NTSS","voltage":132,"circle":"Nellore","circleInferred":false,"doc":null,"lng":79.98601,"lat":14.49133,"connectedLineIds":["l-0814","l-0830","l-0831","l-0832","l-0833"],"connectedLineCount":5,"zone":"Vijayawada","division":"Nellore"}},{"type":"Feature","id":"s-ss-220kv-mrpr","geometry":{"type":"Point","coordinates":[79.27292,15.77261]},"properties":{"id":"s-ss-220kv-mrpr","kind":"substation","name":"MARKAPUR","descriptiveName":"220KV MARKAPUR SS","ssCode":"SS-220KV-MRPR","voltage":220,"circle":"Ongole","circleInferred":false,"doc":null,"lng":79.27292,"lat":15.77261,"connectedLineIds":["l-0205","l-0240","l-0748","l-0749","l-0750","l-0751"],"connectedLineCount":6,"zone":"Vijayawada","division":"Podili"}},{"type":"Feature","id":"s-ss-220kv-gndl","geometry":{"type":"Point","coordinates":[80.67278,16.52195]},"properties":{"id":"s-ss-220kv-gndl","kind":"substation","name":"GUNADALA","descriptiveName":"220KV GUNADALA SS","ssCode":"SS-220KV-GNDL","voltage":220,"circle":"Vijayawada","circleInferred":false,"doc":null,"lng":80.67278,"lat":16.52195,"connectedLineIds":["l-0225","l-0354","l-0432","l-0436","l-0629","l-0630","l-0631","l-0632","l-0633","l-0634"],"connectedLineCount":10,"zone":"Vijayawada","division":"Gunadala"}},{"type":"Feature","id":"s-ss-132kv-alur","geometry":{"type":"Point","coordinates":[80.06609,14.68427]},"properties":{"id":"s-ss-132kv-alur","kind":"substation","name":"ALLURU","descriptiveName":"132KV ALLURU SS","ssCode":"SS-132KV-ALUR","voltage":132,"circle":"Nellore","circleInferred":false,"doc":null,"lng":80.06609,"lat":14.68427,"connectedLineIds":["l-0935","l-0936"],"connectedLineCount":2,"zone":"Vijayawada","division":"Nellore"}},{"type":"Feature","id":"s-ss-132kv-kspl","geometry":{"type":"Point","coordinates":[79.32705,15.91669]},"properties":{"id":"s-ss-132kv-kspl","kind":"substation","name":"KESINENIPALLI","descriptiveName":"132KV KESINENIPALLI SS","ssCode":"SS-132KV-KSPL","voltage":132,"circle":"Ongole","circleInferred":false,"doc":null,"lng":79.32705,"lat":15.91669,"connectedLineIds":["l-0703","l-0704","l-0750","l-0751","l-1141"],"connectedLineCount":5,"zone":"Vijayawada","division":"Podili"}},{"type":"Feature","id":"s-ss-132kv-lingasamudram","geometry":{"type":"Point","coordinates":[79.71382,15.12541]},"properties":{"id":"s-ss-132kv-lingasamudram","kind":"substation","name":"LINGASAMUDRAM","descriptiveName":"132KV LINGASAMUDRAM SS","ssCode":"SS-132KV-LINGASAMUDRAM","voltage":132,"circle":"Ongole","circleInferred":false,"doc":null,"lng":79.71382,"lat":15.12541,"connectedLineIds":["l-1097","l-1098"],"connectedLineCount":2,"zone":"Vijayawada","division":"Ongole"}},{"type":"Feature","id":"s-ss-132kv-avgd","geometry":{"type":"Point","coordinates":[80.92486,16.02474]},"properties":{"id":"s-ss-132kv-avgd","kind":"substation","name":"AVANIGADDA","descriptiveName":"132KV AVANIGADDA SS","ssCode":"SS-132KV-AVGD","voltage":132,"circle":"Vijayawada","circleInferred":false,"doc":null,"lng":80.92486,"lat":16.02474,"connectedLineIds":["l-0855","l-1135"],"connectedLineCount":2,"zone":"Vijayawada","division":"Nunna"}},{"type":"Feature","id":"s-ss-132kv-ygpl","geometry":{"type":"Point","coordinates":[79.30556,16.0296]},"properties":{"id":"s-ss-132kv-ygpl","kind":"substation","name":"Y G PALEM","descriptiveName":"132KV Y G PALEM SS","ssCode":"SS-132KV-YGPL","voltage":132,"circle":"Ongole","circleInferred":false,"doc":null,"lng":79.30556,"lat":16.0296,"connectedLineIds":["l-0704","l-0842"],"connectedLineCount":2,"zone":"Vijayawada","division":"Podili"}},{"type":"Feature","id":"s-ss-220kv-kndk","geometry":{"type":"Point","coordinates":[79.93853,15.20835]},"properties":{"id":"s-ss-220kv-kndk","kind":"substation","name":"KANDUKUR","descriptiveName":"220KV KANDUKUR SS","ssCode":"SS-220KV-KNDK","voltage":220,"circle":"Ongole","circleInferred":false,"doc":null,"lng":79.93853,"lat":15.20835,"connectedLineIds":["l-0248","l-0249","l-0399","l-0400","l-0690","l-0691","l-1152"],"connectedLineCount":7,"zone":"Vijayawada","division":"Ongole"}},{"type":"Feature","id":"s-ss-132kv-tgtr","geometry":{"type":"Point","coordinates":[80.02609,15.34654]},"properties":{"id":"s-ss-132kv-tgtr","kind":"substation","name":"TANGUTUR","descriptiveName":"132KV TANGUTUR SS","ssCode":"SS-132KV-TGTR","voltage":132,"circle":"Ongole","circleInferred":false,"doc":null,"lng":80.02609,"lat":15.34654,"connectedLineIds":["l-0841","l-1151"],"connectedLineCount":2,"zone":"Vijayawada","division":"Ongole"}},{"type":"Feature","id":"s-ss-132kv-gdur","geometry":{"type":"Point","coordinates":[79.83991,14.13557]},"properties":{"id":"s-ss-132kv-gdur","kind":"substation","name":"GUDUR","descriptiveName":"132KV GUDUR SS","ssCode":"SS-132KV-GDUR","voltage":132,"circle":"Nellore","circleInferred":false,"doc":null,"lng":79.83991,"lat":14.13557,"connectedLineIds":["l-0624","l-0625","l-0626","l-0627","l-1090","l-1091","l-1093","l-1094","l-1149"],"connectedLineCount":9,"zone":"Vijayawada","division":"Kurnool"}},{"type":"Feature","id":"s-ss-400kv-mnbl","geometry":{"type":"Point","coordinates":[79.88504,14.2215]},"properties":{"id":"s-ss-400kv-mnbl","kind":"substation","name":"MANUBOLU","descriptiveName":"400KV MANUBOLU SS","ssCode":"SS-400KV-MNBL","voltage":400,"circle":"Nellore","circleInferred":false,"doc":null,"lng":79.88504,"lat":14.2215,"connectedLineIds":["l-0018","l-0064","l-0191","l-0192","l-0193","l-0194","l-0195","l-0196","l-0215","l-0216","l-0217","l-0744","l-0745","l-0746","l-0747","l-0812","l-1092","l-1093","l-1094"],"connectedLineCount":19,"zone":"Vijayawada","division":"Nellore"}},{"type":"Feature","id":"s-ss-132kv-kvli","geometry":{"type":"Point","coordinates":[79.97963,14.91076]},"properties":{"id":"s-ss-132kv-kvli","kind":"substation","name":"KAVALI","descriptiveName":"132KV KAVALI SS","ssCode":"SS-132KV-KVLI","voltage":132,"circle":"Nellore","circleInferred":false,"doc":null,"lng":79.97963,"lat":14.91076,"connectedLineIds":["l-0690","l-0701","l-0702","l-0939"],"connectedLineCount":4,"zone":"Vijayawada","division":"Nellore"}},{"type":"Feature","id":"s-ss-132kv-nlpd","geometry":{"type":"Point","coordinates":[80.3636,16.29021]},"properties":{"id":"s-ss-132kv-nlpd","kind":"substation","name":"NALLAPADU","descriptiveName":"132KV NALLAPADU SS","ssCode":"SS-132KV-NLPD","voltage":132,"circle":"Guntur","circleInferred":false,"doc":null,"lng":80.3636,"lat":16.29021,"connectedLineIds":["l-0785","l-1015","l-1136"],"connectedLineCount":3,"zone":"Vijayawada","division":"Guntur"}},{"type":"Feature","id":"s-ss-132kv-kdkr","geometry":{"type":"Point","coordinates":[79.89779,15.23005]},"properties":{"id":"s-ss-132kv-kdkr","kind":"substation","name":"KANDUKUR","descriptiveName":"132KV KANDUKUR SS","ssCode":"SS-132KV-KDKR","voltage":132,"circle":"Ongole","circleInferred":false,"doc":null,"lng":79.89779,"lat":15.23005,"connectedLineIds":["l-0691","l-0836"],"connectedLineCount":2,"zone":"Vijayawada","division":"Ongole"}},{"type":"Feature","id":"s-ss-132kv-tnli","geometry":{"type":"Point","coordinates":[80.63293,16.23859]},"properties":{"id":"s-ss-132kv-tnli","kind":"substation","name":"TENALI","descriptiveName":"132KV TENALI SS","ssCode":"SS-132KV-TNLI","voltage":132,"circle":"Guntur","circleInferred":false,"doc":null,"lng":80.63293,"lat":16.23859,"connectedLineIds":["l-0903","l-0904","l-1041","l-1042","l-1043","l-1044"],"connectedLineCount":6,"zone":"Vijayawada","division":"Guntur"}},{"type":"Feature","id":"s-ss-132kv-gjgl","geometry":{"type":"Point","coordinates":[80.38926,16.33191]},"properties":{"id":"s-ss-132kv-gjgl","kind":"substation","name":"GUJJANAGUNDLA","descriptiveName":"132KV GUJJANAGUNDLA SS","ssCode":"SS-132KV-GJGL","voltage":132,"circle":"Guntur","circleInferred":false,"doc":null,"lng":80.38926,"lat":16.33191,"connectedLineIds":["l-1012","l-1013","l-1014","l-1167"],"connectedLineCount":4,"zone":"Vijayawada","division":"Guntur"}},{"type":"Feature","id":"s-ss-132kv-gntr","geometry":{"type":"Point","coordinates":[80.46436,16.27662]},"properties":{"id":"s-ss-132kv-gntr","kind":"substation","name":"GUNTUR","descriptiveName":"132KV GUNTUR SS","ssCode":"SS-132KV-GNTR","voltage":132,"circle":"Guntur","circleInferred":false,"doc":null,"lng":80.46436,"lat":16.27662,"connectedLineIds":["l-0638","l-0639","l-0640","l-0641","l-0642","l-1008"],"connectedLineCount":6,"zone":"Vijayawada","division":"Guntur"}},{"type":"Feature","id":"s-ss-132kv-ndpt","geometry":{"type":"Point","coordinates":[79.87498,13.88193]},"properties":{"id":"s-ss-132kv-ndpt","kind":"substation","name":"NAIDUPET","descriptiveName":"132KV NAIDUPET SS","ssCode":"SS-132KV-NDPT","voltage":132,"circle":"Nellore","circleInferred":false,"doc":null,"lng":79.87498,"lat":13.88193,"connectedLineIds":["l-0778","l-0779","l-0780","l-0781","l-1003","l-1086"],"connectedLineCount":6,"zone":"Vijayawada","division":"Nellore"}},{"type":"Feature","id":"s-ss-132kv-mrpl","geometry":{"type":"Point","coordinates":[80.27514,16.18682]},"properties":{"id":"s-ss-132kv-mrpl","kind":"substation","name":"MARRIPALEM","descriptiveName":"132KV MARRIPALEM SS","ssCode":"SS-132KV-MRPL","voltage":132,"circle":"Guntur","circleInferred":false,"doc":null,"lng":80.27514,"lat":16.18682,"connectedLineIds":["l-0752","l-1014"],"connectedLineCount":2,"zone":"Vijayawada","division":"Guntur"}},{"type":"Feature","id":"s-ss-132kv-mnkr","geometry":{"type":"Point","coordinates":[79.81358,13.921]},"properties":{"id":"s-ss-132kv-mnkr","kind":"substation","name":"MENAKUR","descriptiveName":"132KV MENAKUR SS","ssCode":"SS-132KV-MNKR","voltage":132,"circle":"Nellore","circleInferred":false,"doc":null,"lng":79.81358,"lat":13.921,"connectedLineIds":["l-0624","l-0756","l-0757","l-0758","l-0776","l-0777","l-1132"],"connectedLineCount":7,"zone":"Vijayawada","division":"Nellore"}},{"type":"Feature","id":"s-ss-132kv-chkp","geometry":{"type":"Point","coordinates":[80.71578,16.25857]},"properties":{"id":"s-ss-132kv-chkp","kind":"substation","name":"CHAKRAYAPALEM","descriptiveName":"132KV CHAKRAYAPALEM SS","ssCode":"SS-132KV-CHKP","voltage":132,"circle":"Guntur","circleInferred":false,"doc":null,"lng":80.71578,"lat":16.25857,"connectedLineIds":["l-1041","l-1172"],"connectedLineCount":2,"zone":"Vijayawada","division":"Guntur"}},{"type":"Feature","id":"s-ss-220kv-tdkd","geometry":{"type":"Point","coordinates":[80.42274,16.40154]},"properties":{"id":"s-ss-220kv-tdkd","kind":"substation","name":"TADIKONDA","descriptiveName":"220KV TADIKONDA SS","ssCode":"SS-220KV-TDKD","voltage":220,"circle":"Guntur","circleInferred":false,"doc":null,"lng":80.42274,"lat":16.40154,"connectedLineIds":["l-0303","l-0361","l-0362","l-0448","l-0641","l-0642","l-1012","l-1013","l-1015","l-1016","l-1167"],"connectedLineCount":11,"zone":"Vijayawada","division":"Guntur"}},{"type":"Feature","id":"s-ss-132kv-rtpl","geometry":{"type":"Point","coordinates":[80.15953,16.45733]},"properties":{"id":"s-ss-132kv-rtpl","kind":"substation","name":"RENTAPALLA","descriptiveName":"132KV RENTAPALLA SS","ssCode":"SS-132KV-RTPL","voltage":132,"circle":"Guntur","circleInferred":false,"doc":null,"lng":80.15953,"lat":16.45733,"connectedLineIds":["l-0967","l-0968","l-1016"],"connectedLineCount":3,"zone":"Vijayawada","division":"Narasaraopeta"}},{"type":"Feature","id":"s-ss-132kv-ydvl","geometry":{"type":"Point","coordinates":[80.11101,16.09549]},"properties":{"id":"s-ss-132kv-ydvl","kind":"substation","name":"YADAVALLI","descriptiveName":"132KV YADAVALLI SS","ssCode":"SS-132KV-YDVL","voltage":132,"circle":"Guntur","circleInferred":false,"doc":null,"lng":80.11101,"lat":16.09549,"connectedLineIds":["l-1063","l-1126"],"connectedLineCount":2,"zone":"Vijayawada","division":"Guntur"}},{"type":"Feature","id":"s-ss-132kv-chnd","geometry":{"type":"Point","coordinates":[80.02791,14.03153]},"properties":{"id":"s-ss-132kv-chnd","kind":"substation","name":"CHANDODU","descriptiveName":"132KV CHANDODU SS","ssCode":"SS-132KV-CHND","voltage":132,"circle":"Nellore","circleInferred":false,"doc":null,"lng":80.02791,"lat":14.03153,"connectedLineIds":["l-1090","l-1092"],"connectedLineCount":2,"zone":"Vijayawada","division":"Nellore"}},{"type":"Feature","id":"s-ss-132kv-clpt","geometry":{"type":"Point","coordinates":[80.18822,16.11458]},"properties":{"id":"s-ss-132kv-clpt","kind":"substation","name":"CHILAKALURIPET","descriptiveName":"132KV CHILAKALURIPET SS","ssCode":"SS-132KV-CLPT","voltage":132,"circle":"Guntur","circleInferred":false,"doc":null,"lng":80.18822,"lat":16.11458,"connectedLineIds":["l-0550","l-0551","l-0552","l-0553","l-0752","l-0785","l-1126"],"connectedLineCount":7,"zone":"Vijayawada","division":"Guntur"}},{"type":"Feature","id":"s-ss-132kv-gdlr","geometry":{"type":"Point","coordinates":[78.93475,15.37876]},"properties":{"id":"s-ss-132kv-gdlr","kind":"substation","name":"GIDDALUR","descriptiveName":"132KV GIDDALUR SS","ssCode":"SS-132KV-GDLR","voltage":132,"circle":"Ongole","circleInferred":false,"doc":null,"lng":78.93475,"lat":15.37876,"connectedLineIds":["l-0571","l-0605"],"connectedLineCount":2,"zone":"Vijayawada","division":"Podili"}},{"type":"Feature","id":"s-ss-132kv-rple","geometry":{"type":"Point","coordinates":[80.8165,16.01521]},"properties":{"id":"s-ss-132kv-rple","kind":"substation","name":"REPALLE","descriptiveName":"132KV REPALLE SS","ssCode":"SS_132KV-RPLE","voltage":132,"circle":"Guntur","circleInferred":false,"doc":null,"lng":80.8165,"lat":16.01521,"connectedLineIds":["l-0969","l-1042","l-1172"],"connectedLineCount":3,"zone":"Vijayawada","division":"Guntur"}},{"type":"Feature","id":"s-ss-132kv-tdpl","geometry":{"type":"Point","coordinates":[80.59203,16.4622]},"properties":{"id":"s-ss-132kv-tdpl","kind":"substation","name":"TADEPALLI","descriptiveName":"132KV TADEPALLI SS","ssCode":"SS_132KV_TDPL","voltage":132,"circle":"Guntur","circleInferred":false,"doc":null,"lng":80.59203,"lat":16.4622,"connectedLineIds":["l-0483","l-0594","l-1007","l-1008","l-1009","l-1010","l-1011","l-1164"],"connectedLineCount":8,"zone":"Vijayawada","division":"Guntur"}},{"type":"Feature","id":"s-ss-132kv-bptl","geometry":{"type":"Point","coordinates":[80.45559,15.90026]},"properties":{"id":"s-ss-132kv-bptl","kind":"substation","name":"BAPATLA","descriptiveName":"132KV BAPATLA SS","ssCode":"SS-132KV-BPTL","voltage":132,"circle":"Guntur","circleInferred":false,"doc":null,"lng":80.45559,"lat":15.90026,"connectedLineIds":["l-0490","l-0491","l-0492","l-0493","l-0969"],"connectedLineCount":5,"zone":"Vijayawada","division":"Guntur"}},{"type":"Feature","id":"s-ss-132kv-ponr","geometry":{"type":"Point","coordinates":[80.54825,16.0796]},"properties":{"id":"s-ss-132kv-ponr","kind":"substation","name":"PONNURU","descriptiveName":"132KV PONNURU SS","ssCode":"SS-132KV-PONR","voltage":132,"circle":"Guntur","circleInferred":false,"doc":null,"lng":80.54825,"lat":16.0796,"connectedLineIds":["l-0901","l-0902"],"connectedLineCount":2,"zone":"Vijayawada","division":"Guntur"}},{"type":"Feature","id":"s-ss-220kv-prpd","geometry":{"type":"Point","coordinates":[80.3466,16.17407]},"properties":{"id":"s-ss-220kv-prpd","kind":"substation","name":"PRATHIPADU","descriptiveName":"220KV PRATHIPADU SS","ssCode":"SS-220KV-PRPD","voltage":220,"circle":"Guntur","circleInferred":false,"doc":null,"lng":80.3466,"lat":16.17407,"connectedLineIds":["l-0230","l-0277","l-0278","l-0303","l-0639","l-0640","l-0901","l-0902","l-0903","l-0904"],"connectedLineCount":10,"zone":"Vijayawada","division":"Guntur"}},{"type":"Feature","id":"s-ss-220kv-tlpl","geometry":{"type":"Point","coordinates":[79.38646,16.51305]},"properties":{"id":"s-ss-220kv-tlpl","kind":"substation","name":"TALLAPALLI","descriptiveName":"220KV TALLAPALLI SS","ssCode":"SS-220KV-TLPL","voltage":220,"circle":"Guntur","circleInferred":false,"doc":null,"lng":79.38646,"lat":16.51305,"connectedLineIds":["l-0291","l-0292","l-0305","l-0306","l-0307","l-0308","l-0309","l-0310","l-0311","l-0312","l-0389","l-0424","l-0425"],"connectedLineCount":13,"zone":"Vijayawada","division":"Narasaraopeta"}},{"type":"Feature","id":"s-ss-132kv-mcrl","geometry":{"type":"Point","coordinates":[79.44251,16.47279]},"properties":{"id":"s-ss-132kv-mcrl","kind":"substation","name":"MACHERLA","descriptiveName":"132KV MACHERLA SS","ssCode":"SS-132KV-MCRL","voltage":132,"circle":"Guntur","circleInferred":false,"doc":null,"lng":79.44251,"lat":16.47279,"connectedLineIds":["l-0697","l-0728","l-0729","l-0730","l-0731","l-0732"],"connectedLineCount":6,"zone":"Vijayawada","division":"Narasaraopeta"}},{"type":"Feature","id":"s-ss-220kv-rtcl","geometry":{"type":"Point","coordinates":[79.5188,16.56475]},"properties":{"id":"s-ss-220kv-rtcl","kind":"substation","name":"RENTACHINTALA","descriptiveName":"220KV RENTACHINTALA SS","ssCode":"SS-220KV-RTCL","voltage":220,"circle":"Guntur","circleInferred":false,"doc":null,"lng":79.5188,"lat":16.56475,"connectedLineIds":["l-0312","l-0395","l-0396","l-0425","l-0442","l-0730","l-0731","l-0963","l-0964","l-0965","l-0966"],"connectedLineCount":11,"zone":"Vijayawada","division":"Narasaraopeta"}},{"type":"Feature","id":"s-ss-132kv-krpd","geometry":{"type":"Point","coordinates":[79.72105,16.41423]},"properties":{"id":"s-ss-132kv-krpd","kind":"substation","name":"KARAMPUDI","descriptiveName":"132KV KARAMPUDI SS","ssCode":"SS-132KV-KRPD","voltage":132,"circle":"Guntur","circleInferred":false,"doc":null,"lng":79.72105,"lat":16.41423,"connectedLineIds":["l-0697","l-0883"],"connectedLineCount":2,"zone":"Vijayawada","division":"Narasaraopeta"}},{"type":"Feature","id":"s-ss-132kv-tngd","geometry":{"type":"Point","coordinates":[79.81464,16.65909]},"properties":{"id":"s-ss-132kv-tngd","kind":"substation","name":"TANGEDA","descriptiveName":"132KV TANGEDA SS","ssCode":"SS-132KV-TNGD","voltage":132,"circle":"Guntur","circleInferred":false,"doc":null,"lng":79.81464,"lat":16.65909,"connectedLineIds":["l-0884","l-1021","l-1022"],"connectedLineCount":3,"zone":"Vijayawada","division":"Narasaraopeta"}},{"type":"Feature","id":"s-ss-220kv-nelr","geometry":{"type":"Point","coordinates":[79.93326,14.41206]},"properties":{"id":"s-ss-220kv-nelr","kind":"substation","name":"NELLORE","descriptiveName":"220KV NELLORE SS","ssCode":"SS-220KV-NELR","voltage":220,"circle":"Nellore","circleInferred":false,"doc":null,"lng":79.93326,"lat":14.41206,"connectedLineIds":["l-0213","l-0214","l-0215","l-0216","l-0217","l-0218","l-0808","l-0809","l-0810","l-0811","l-0812","l-0813","l-0814"],"connectedLineCount":13,"zone":"Vijayawada","division":"Nellore"}},{"type":"Feature","id":"s-ss-220kv-chkl","geometry":{"type":"Point","coordinates":[80.13453,16.90098]},"properties":{"id":"s-ss-220kv-chkl","kind":"substation","name":"CHILLAKALLU","descriptiveName":"220KV CHILLAKALLU SS","ssCode":"SS-220KV-CHKL","voltage":220,"circle":"Vijayawada","circleInferred":false,"doc":null,"lng":80.13453,"lat":16.90098,"connectedLineIds":["l-0115","l-0116","l-0179","l-0180","l-0352","l-0353","l-0555","l-0556","l-0557","l-0558","l-0559","l-0560","l-0561","l-0562","l-0563","l-0564","l-0565"],"connectedLineCount":17,"zone":"Vijayawada","division":"Gunadala"}},{"type":"Feature","id":"s-ss-132kv-ndgm","geometry":{"type":"Point","coordinates":[80.27501,16.76035]},"properties":{"id":"s-ss-132kv-ndgm","kind":"substation","name":"NANDIGAMA","descriptiveName":"132KV NANDIGAMA SS","ssCode":"SS-132KV-NDGM","voltage":132,"circle":"Vijayawada","circleInferred":false,"doc":null,"lng":80.27501,"lat":16.76035,"connectedLineIds":["l-0563"],"connectedLineCount":1,"zone":"Vijayawada","division":"Gunadala"}},{"type":"Feature","id":"s-ss-132kv-pmru","geometry":{"type":"Point","coordinates":[80.97049,16.31964]},"properties":{"id":"s-ss-132kv-pmru","kind":"substation","name":"PAMARRU","descriptiveName":"132KV PAMARRU SS","ssCode":"SS-132KV-PMRU","voltage":132,"circle":"Vijayawada","circleInferred":false,"doc":null,"lng":80.97049,"lat":16.31964,"connectedLineIds":["l-0622","l-0623","l-0695","l-0855","l-0856","l-0857","l-1135"],"connectedLineCount":7,"zone":"Vijayawada","division":"Nunna"}},{"type":"Feature","id":"s-ss-220kv-kdpl","geometry":{"type":"Point","coordinates":[80.55535,16.63924]},"properties":{"id":"s-ss-220kv-kdpl","kind":"substation","name":"KONDAPALLI","descriptiveName":"220KV KONDAPALLI SS","ssCode":"SS-220KV-KDPL","voltage":220,"circle":"Vijayawada","circleInferred":false,"doc":null,"lng":80.55535,"lat":16.63924,"connectedLineIds":["l-0179","l-0180","l-0181","l-0182","l-0355","l-0356","l-0708","l-0709","l-0710","l-0711","l-1116","l-1159"],"connectedLineCount":12,"zone":"Vijayawada","division":"Gunadala"}},{"type":"Feature","id":"s-ss-220kvss-nrpt","geometry":{"type":"Point","coordinates":[80.07793,16.24086]},"properties":{"id":"s-ss-220kvss-nrpt","kind":"substation","name":"NARSARAO PET","descriptiveName":"220KV NARSARAO PET SS","ssCode":"SS-220KVSS-NRPT","voltage":220,"circle":"Guntur","circleInferred":false,"doc":null,"lng":80.07793,"lat":16.24086,"connectedLineIds":["l-0210","l-0273","l-0274","l-0357","l-0550","l-0551","l-0552","l-0793"],"connectedLineCount":8,"zone":"Vijayawada","division":"Narasaraopeta"}},{"type":"Feature","id":"s-ss-400kv-stpl","geometry":{"type":"Point","coordinates":[80.13076,16.39978]},"properties":{"id":"s-ss-400kv-stpl","kind":"substation","name":"SATTENAPALLI","descriptiveName":"400KV SATTENAPALLI SS","ssCode":"SS-400KV-STPL","voltage":400,"circle":"Guntur","circleInferred":false,"doc":null,"lng":80.13076,"lat":16.39978,"connectedLineIds":["l-0029","l-0030","l-0032","l-0033","l-0048","l-0049","l-0051","l-0052","l-0273","l-0274","l-0275","l-0276","l-0277","l-0278"],"connectedLineCount":14,"zone":"Vijayawada","division":"Guntur"}},{"type":"Feature","id":"s-ss-132kv-gngr","geometry":{"type":"Point","coordinates":[80.73607,16.45981]},"properties":{"id":"s-ss-132kv-gngr","kind":"substation","name":"GANGURU","descriptiveName":"132KV GANGURU SS","ssCode":"SS-132KV-GNGR","voltage":132,"circle":"Vijayawada","circleInferred":false,"doc":null,"lng":80.73607,"lat":16.45981,"connectedLineIds":["l-0594","l-0630"],"connectedLineCount":2,"zone":"Vijayawada","division":"Gunadala"}},{"type":"Feature","id":"s-ss-132kv-drsi","geometry":{"type":"Point","coordinates":[79.65559,15.79077]},"properties":{"id":"s-ss-132kv-drsi","kind":"substation","name":"DARSI","descriptiveName":"132KV DARSI SS","ssCode":"SS-132KV-DRSI","voltage":132,"circle":"Ongole","circleInferred":false,"doc":null,"lng":79.65559,"lat":15.79077,"connectedLineIds":["l-1095","l-1096"],"connectedLineCount":2,"zone":"Vijayawada","division":"Podili"}},{"type":"Feature","id":"s-ss-132kv-vnkd","geometry":{"type":"Point","coordinates":[79.74006,16.06194]},"properties":{"id":"s-ss-132kv-vnkd","kind":"substation","name":"VINUKONDA","descriptiveName":"132KV VINUKONDA SS","ssCode":"SS-132KV-VNKD","voltage":132,"circle":"Guntur","circleInferred":false,"doc":null,"lng":79.74006,"lat":16.06194,"connectedLineIds":["l-0793","l-1055","l-1127"],"connectedLineCount":3,"zone":"Vijayawada","division":"Narasaraopeta"}},{"type":"Feature","id":"s-ss-132kv-kngr","geometry":{"type":"Point","coordinates":[79.5093,15.39829]},"properties":{"id":"s-ss-132kv-kngr","kind":"substation","name":"KANIGIRI","descriptiveName":"132KV KANIGIRI SS","ssCode":"SS-132KV-KNGR","voltage":132,"circle":"Ongole","circleInferred":false,"doc":null,"lng":79.5093,"lat":15.39829,"connectedLineIds":["l-0692","l-0887","l-0888"],"connectedLineCount":3,"zone":"Vijayawada","division":"Podili"}},{"type":"Feature","id":"s-ss-220kv-pdli","geometry":{"type":"Point","coordinates":[79.76422,15.58057]},"properties":{"id":"s-ss-220kv-pdli","kind":"substation","name":"PODILI","descriptiveName":"220KV PODILI SS","ssCode":"SS-220KV-PDLI","voltage":220,"circle":"Ongole","circleInferred":false,"doc":null,"lng":79.76422,"lat":15.58057,"connectedLineIds":["l-0210","l-0228","l-0229","l-0240","l-0241","l-0242","l-0243","l-0244","l-0245","l-0360","l-0887","l-0888","l-1095","l-1096","l-1097","l-1098"],"connectedLineCount":16,"zone":"Vijayawada","division":"Podili"}},{"type":"Feature","id":"s-ss-132kv-pamr","geometry":{"type":"Point","coordinates":[79.39504,15.09951]},"properties":{"id":"s-ss-132kv-pamr","kind":"substation","name":"PAMURU","descriptiveName":"132KV PAMURU SS","ssCode":"SS-132KV-PAMR","voltage":132,"circle":"Ongole","circleInferred":false,"doc":null,"lng":79.39504,"lat":15.09951,"connectedLineIds":["l-0692"],"connectedLineCount":1,"zone":"Vijayawada","division":"Podili"}},{"type":"Feature","id":"s-ss-220kv-nuna","geometry":{"type":"Point","coordinates":[80.67958,16.56518]},"properties":{"id":"s-ss-220kv-nuna","kind":"substation","name":"NUNNA","descriptiveName":"220KV NUNNA SS","ssCode":"SS-220KV-NUNA","voltage":220,"circle":"Vijayawada","circleInferred":false,"doc":null,"lng":80.67958,"lat":16.56518,"connectedLineIds":["l-0050","l-0222","l-0223","l-0224","l-0225","l-0226","l-0358","l-0432","l-0436"],"connectedLineCount":9,"zone":"Vijayawada","division":"Nunna"}},{"type":"Feature","id":"s-ss-220kv-slpt","geometry":{"type":"Point","coordinates":[79.99293,13.70859]},"properties":{"id":"s-ss-220kv-slpt","kind":"substation","name":"SULLURUPET","descriptiveName":"220KV SULLURUPET SS","ssCode":"SS-220KV-SLPT","voltage":220,"circle":"Nellore","circleInferred":false,"doc":null,"lng":79.99293,"lat":13.70859,"connectedLineIds":["l-0194","l-0195","l-0196","l-0302","l-0410","l-0411","l-1000","l-1001","l-1002","l-1003","l-1004","l-1005","l-1006"],"connectedLineCount":13,"zone":"Vijayawada","division":"Nellore"}},{"type":"Feature","id":"s-ss-220kv-gdvd","geometry":{"type":"Point","coordinates":[81.00943,16.46958]},"properties":{"id":"s-ss-220kv-gdvd","kind":"substation","name":"GUDIWADA","descriptiveName":"220KV GUDIWADA SS","ssCode":"SS-220KV-GDVD","voltage":220,"circle":"Vijayawada","circleInferred":false,"doc":null,"lng":81.00943,"lat":16.46958,"connectedLineIds":["l-0153","l-0154","l-0223","l-0224","l-0621","l-0622","l-0623","l-0693","l-1080","l-1081","l-1082","l-1083"],"connectedLineCount":12,"zone":"Vijayawada","division":"Nunna"}},{"type":"Feature","id":"s-ss-132kv-vldt","geometry":{"type":"Point","coordinates":[79.33598,16.3664]},"properties":{"id":"s-ss-132kv-vldt","kind":"substation","name":"VELDURTY","descriptiveName":"132KV VELDURTY SS","ssCode":"SS-132KV-VLDT","voltage":132,"circle":"Guntur","circleInferred":false,"doc":null,"lng":79.33598,"lat":16.3664,"connectedLineIds":["l-0732"],"connectedLineCount":1,"zone":"Vijayawada","division":"Narasaraopeta"}},{"type":"Feature","id":"s-ss-132kv-mrtr","geometry":{"type":"Point","coordinates":[80.0967,15.96402]},"properties":{"id":"s-ss-132kv-mrtr","kind":"substation","name":"MARTUR","descriptiveName":"132KV MARTUR SS","ssCode":"SS-132KV-MRTR","voltage":132,"circle":"Ongole","circleInferred":false,"doc":null,"lng":80.0967,"lat":15.96402,"connectedLineIds":["l-0753","l-0862","l-0863","l-1063","l-1127"],"connectedLineCount":5,"zone":"Vijayawada","division":"Ongole"}},{"type":"Feature","id":"s-ss-132kv-kmpd","geometry":{"type":"Point","coordinates":[80.65778,16.98786]},"properties":{"id":"s-ss-132kv-kmpd","kind":"substation","name":"KAMBHAMPPADU","descriptiveName":"132KV KAMBHAMPPADU SS","ssCode":"SS-132KV-KMPD","voltage":132,"circle":"Vijayawada","circleInferred":false,"doc":null,"lng":80.65778,"lat":16.98786,"connectedLineIds":["l-1107","l-1108"],"connectedLineCount":2,"zone":"Vijayawada","division":"Gunadala"}},{"type":"Feature","id":"s-ss-400-podl","geometry":{"type":"Point","coordinates":[79.70078,15.58658]},"properties":{"id":"s-ss-400-podl","kind":"substation","name":"PODILI","descriptiveName":"400KV PODILI SS","ssCode":"SS-400-PODL","voltage":400,"circle":"Ongole","circleInferred":false,"doc":null,"lng":79.70078,"lat":15.58658,"connectedLineIds":["l-0029","l-0030","l-0242","l-0243","l-0246","l-0247","l-0248","l-0249"],"connectedLineCount":8,"zone":"Vijayawada","division":"Podili"}},{"type":"Feature","id":"s-ss-220kv-rcpd","geometry":{"type":"Point","coordinates":[79.96292,14.64229]},"properties":{"id":"s-ss-220kv-rcpd","kind":"substation","name":"RACHARLAPADU","descriptiveName":"220KV RACHARLAPADU SS","ssCode":"SS-220KV-RCPD","voltage":220,"circle":"Nellore","circleInferred":false,"doc":null,"lng":79.96292,"lat":14.64229,"connectedLineIds":["l-0218","l-0399","l-0831","l-0935","l-0936","l-0937","l-0938","l-0939"],"connectedLineCount":8,"zone":"Vijayawada","division":"Nellore"}},{"type":"Feature","id":"s-ss-132kv-ogle","geometry":{"type":"Point","coordinates":[80.03818,15.51321]},"properties":{"id":"s-ss-132kv-ogle","kind":"substation","name":"ONGOLE","descriptiveName":"132KV ONGOLE SS","ssCode":"SS-132KV-OGLE","voltage":132,"circle":"Ongole","circleInferred":false,"doc":null,"lng":80.03818,"lat":15.51321,"connectedLineIds":["l-0652","l-1087","l-1088"],"connectedLineCount":3,"zone":"Vijayawada","division":"Ongole"}},{"type":"Feature","id":"s-ss-220kv-prcr","geometry":{"type":"Point","coordinates":[80.26844,15.98723]},"properties":{"id":"s-ss-220kv-prcr","kind":"substation","name":"PARCHURU","descriptiveName":"220KV PARCHURU SS","ssCode":"SS-220KV-PRCR","voltage":220,"circle":"Ongole","circleInferred":false,"doc":null,"lng":80.26844,"lat":15.98723,"connectedLineIds":["l-0244","l-0245","l-0275","l-0276","l-0490","l-0491","l-0553","l-0638","l-0859","l-0860","l-0861","l-0862","l-0863"],"connectedLineCount":13,"zone":"Vijayawada","division":"Ongole"}},{"type":"Feature","id":"s-ss-132kv-vjwd","geometry":{"type":"Point","coordinates":[80.6113,16.50991]},"properties":{"id":"s-ss-132kv-vjwd","kind":"substation","name":"VIJAYAWADA","descriptiveName":"132KV VIJAYAWADA SS","ssCode":"SS-132KV-VJWD","voltage":132,"circle":"Vijayawada","circleInferred":false,"doc":null,"lng":80.6113,"lat":16.50991,"connectedLineIds":["l-0500","l-0711"],"connectedLineCount":2,"zone":"Vijayawada","division":"Gunadala"}},{"type":"Feature","id":"s-ss-132kv-adnk","geometry":{"type":"Point","coordinates":[79.97357,15.85107]},"properties":{"id":"s-ss-132kv-adnk","kind":"substation","name":"ADDANKI","descriptiveName":"132KV ADDANKI SS","ssCode":"SS-132KV-ADNK","voltage":132,"circle":"Ongole","circleInferred":false,"doc":null,"lng":79.97357,"lat":15.85107,"connectedLineIds":["l-0754","l-0755"],"connectedLineCount":2,"zone":"Vijayawada","division":"Ongole"}},{"type":"Feature","id":"s-ss-220kv-ongl","geometry":{"type":"Point","coordinates":[80.0273,15.5033]},"properties":{"id":"s-ss-220kv-ongl","kind":"substation","name":"ONGOLE","descriptiveName":"220KV ONGOLE SS","ssCode":"SS-220KV-ONGL","voltage":220,"circle":"Ongole","circleInferred":false,"doc":null,"lng":80.0273,"lat":15.5033,"connectedLineIds":["l-0228","l-0229","l-0230","l-0400","l-0836","l-0837","l-0838","l-0839","l-0840","l-0841","l-1087","l-1088","l-1151"],"connectedLineCount":13,"zone":"Vijayawada","division":"Ongole"}},{"type":"Feature","id":"s-ss-132-chrl","geometry":{"type":"Point","coordinates":[80.32054,15.79924]},"properties":{"id":"s-ss-132-chrl","kind":"substation","name":"CHIRALA","descriptiveName":"132KV CHIRALA SS","ssCode":"SS-132-CHRL","voltage":132,"circle":"Ongole","circleInferred":false,"doc":null,"lng":80.32054,"lat":15.79924,"connectedLineIds":["l-0859","l-0860"],"connectedLineCount":2,"zone":"Vijayawada","division":"Ongole"}},{"type":"Feature","id":"s-ss-132kv-elru","geometry":{"type":"Point","coordinates":[81.09617,16.69967]},"properties":{"id":"s-ss-132kv-elru","kind":"substation","name":"ELURU","descriptiveName":"132KV ELURU SS","ssCode":"SS-132KV-ELRU","voltage":132,"circle":"Eluru","circleInferred":false,"doc":null,"lng":81.09617,"lat":16.69967,"connectedLineIds":["l-0502","l-0581","l-0582"],"connectedLineCount":3,"zone":"Visakhapatnam","division":"Eluru"}},{"type":"Feature","id":"s-ss-220kv-pdgl","geometry":{"type":"Point","coordinates":[79.91606,16.46434]},"properties":{"id":"s-ss-220kv-pdgl","kind":"substation","name":"PIDUGURALLA","descriptiveName":"220KV PIDUGURALLA SS","ssCode":"SS-220KV-PDGL","voltage":220,"circle":"Guntur","circleInferred":false,"doc":null,"lng":79.91606,"lat":16.46434,"connectedLineIds":["l-0367","l-0368","l-0412","l-0419","l-0883","l-0884","l-0885","l-0967"],"connectedLineCount":8,"zone":"Vijayawada","division":"Narasaraopeta"}},{"type":"Feature","id":"s-ss-132kv-vjmr","geometry":{"type":"Point","coordinates":[79.56244,14.81265]},"properties":{"id":"s-ss-132kv-vjmr","kind":"substation","name":"VINJAMUR","descriptiveName":"132KV VINJAMUR SS","ssCode":"SS-132KV-VJMR","voltage":132,"circle":"Nellore","circleInferred":false,"doc":null,"lng":79.56244,"lat":14.81265,"connectedLineIds":["l-0482"],"connectedLineCount":1,"zone":"Vijayawada","division":"Nellore"}},{"type":"Feature","id":"s-ss-132kv-nrpm","geometry":{"type":"Point","coordinates":[82.60197,17.66131]},"properties":{"id":"s-ss-132kv-nrpm","kind":"substation","name":"NARSIPATNAM","descriptiveName":"132KV NARSIPATNAM SS","ssCode":"SS-132KV-NRPM","voltage":132,"circle":"Visakhapatnam","circleInferred":false,"doc":null,"lng":82.60197,"lat":17.66131,"connectedLineIds":["l-0716"],"connectedLineCount":1,"zone":"Visakhapatnam","division":"Gajuwaka"}},{"type":"Feature","id":"s-ss-132kv-mdmt","geometry":{"type":"Point","coordinates":[80.01268,15.67633]},"properties":{"id":"s-ss-132kv-mdmt","kind":"substation","name":"MEDARAMETLA","descriptiveName":"132KV MEDARAMETLA SS","ssCode":"SS-132KV-MDMT","voltage":132,"circle":"Ongole","circleInferred":false,"doc":null,"lng":80.01268,"lat":15.67633,"connectedLineIds":["l-0754","l-0755","l-0837","l-0838"],"connectedLineCount":4,"zone":"Vijayawada","division":"Ongole"}},{"type":"Feature","id":"s-ss-132kv-inkl","geometry":{"type":"Point","coordinates":[80.18337,15.82972]},"properties":{"id":"s-ss-132kv-inkl","kind":"substation","name":"INKOLLU","descriptiveName":"132KV INKOLLU SS","ssCode":"SS-132KV-INKL","voltage":132,"circle":"Ongole","circleInferred":false,"doc":null,"lng":80.18337,"lat":15.82972,"connectedLineIds":["l-0651","l-0652","l-0861"],"connectedLineCount":3,"zone":"Vijayawada","division":"Ongole"}},{"type":"Feature","id":"s-ss-220kv-anrk","geometry":{"type":"Point","coordinates":[82.73625,17.60884]},"properties":{"id":"s-ss-220kv-anrk","kind":"substation","name":"ANRAK","descriptiveName":"220KV ANRAK SS","ssCode":"SS-220KV-ANRK","voltage":220,"circle":"Visakhapatnam","circleInferred":false,"doc":null,"lng":82.73625,"lat":17.60884,"connectedLineIds":["l-0070","l-0233","l-0391"],"connectedLineCount":3,"zone":"Visakhapatnam","division":"Gajuwaka"}},{"type":"Feature","id":"s-ss-132kv-ptpm","geometry":{"type":"Point","coordinates":[84.08405,18.74243]},"properties":{"id":"s-ss-132kv-ptpm","kind":"substation","name":"PATHAPATNAM","descriptiveName":"132KV PATHAPATNAM SS","ssCode":"SS-132KV-PTPM","voltage":132,"circle":"Srikakulam","circleInferred":false,"doc":null,"lng":84.08405,"lat":18.74243,"connectedLineIds":["l-1040"],"connectedLineCount":1,"zone":"Visakhapatnam","division":"Srikakulam"}},{"type":"Feature","id":"s-ss-132kv-mlvk","geometry":{"type":"Point","coordinates":[78.80364,14.43946]},"properties":{"id":"s-ss-132kv-mlvk","kind":"substation","name":"MOOLAVANKA","descriptiveName":"132KV MOOLAVANKA SS","ssCode":"SS-132KV-MLVK","voltage":132,"circle":"Kadapa","circleInferred":false,"doc":null,"lng":78.80364,"lat":14.43946,"connectedLineIds":["l-0759","l-0971"],"connectedLineCount":2,"zone":"Kadapa","division":null}},{"type":"Feature","id":"s-ss-220kv-nzvd","geometry":{"type":"Point","coordinates":[80.85968,16.78638]},"properties":{"id":"s-ss-220kv-nzvd","kind":"substation","name":"NUZIVIDU","descriptiveName":"220KV NUZIVIDU SS","ssCode":"SS-220KV-NZVD","voltage":220,"circle":"Vijayawada","circleInferred":false,"doc":null,"lng":80.85968,"lat":16.78638,"connectedLineIds":["l-0227","l-0359","l-0694","l-0834","l-0835","l-1116","l-1160"],"connectedLineCount":7,"zone":"Vijayawada","division":"Nunna"}},{"type":"Feature","id":"s-ss-132kv-nlwf","geometry":{"type":"Point","coordinates":[83.25669,17.69919]},"properties":{"id":"s-ss-132kv-nlwf","kind":"substation","name":"NAVAL WHARF","descriptiveName":"132KV NAVAL WHARF SS","ssCode":"SS-132KV-NLWF","voltage":132,"circle":"Visakhapatnam","circleInferred":false,"doc":null,"lng":83.25669,"lat":17.69919,"connectedLineIds":["l-0574","l-0586","l-0587","l-0799","l-0800","l-0801","l-0802","l-0803","l-0804","l-0805","l-0806","l-0807","l-1114"],"connectedLineCount":13,"zone":"Visakhapatnam","division":"Gajuwaka"}},{"type":"Feature","id":"s-ss-132kv-tnku","geometry":{"type":"Point","coordinates":[81.68143,16.74606]},"properties":{"id":"s-ss-132kv-tnku","kind":"substation","name":"TANUKU","descriptiveName":"132KV TANUKU SS","ssCode":"SS-132KV-TNKU","voltage":132,"circle":"Eluru","circleInferred":false,"doc":null,"lng":81.68143,"lat":16.74606,"connectedLineIds":["l-0577","l-1023"],"connectedLineCount":2,"zone":"Visakhapatnam","division":"Nidadavole"}},{"type":"Feature","id":"s-ss-132kv-knml","geometry":{"type":"Point","coordinates":[80.97251,16.61399]},"properties":{"id":"s-ss-132kv-knml","kind":"substation","name":"KANUMOLU","descriptiveName":"132KV KANUMOLU SS","ssCode":"SS-132KV-KNML","voltage":132,"circle":"Vijayawada","circleInferred":false,"doc":null,"lng":80.97251,"lat":16.61399,"connectedLineIds":["l-0581","l-0621","l-0631","l-0693","l-0694","l-0695","l-0696","l-0870"],"connectedLineCount":8,"zone":"Vijayawada","division":"Nunna"}},{"type":"Feature","id":"s-ss-220kv-tkli","geometry":{"type":"Point","coordinates":[84.24361,18.5884]},"properties":{"id":"s-ss-220kv-tkli","kind":"substation","name":"TEKKALI","descriptiveName":"220KV TEKKALI SS","ssCode":"SS-220KV-TKLI","voltage":220,"circle":"Srikakulam","circleInferred":false,"doc":null,"lng":84.24361,"lat":18.5884,"connectedLineIds":["l-0130","l-0131","l-0850","l-0889","l-1034","l-1035","l-1036","l-1037","l-1038","l-1039","l-1040"],"connectedLineCount":11,"zone":"Visakhapatnam","division":"Srikakulam"}},{"type":"Feature","id":"s-ss-132kv-pdvg","geometry":{"type":"Point","coordinates":[81.10894,16.8095]},"properties":{"id":"s-ss-132kv-pdvg","kind":"substation","name":"PEDAVEGI","descriptiveName":"132KV PEDAVEGI SS","ssCode":"SS-132KV-PDVG","voltage":132,"circle":"Eluru","circleInferred":false,"doc":null,"lng":81.10894,"lat":16.8095,"connectedLineIds":["l-0503","l-0870"],"connectedLineCount":2,"zone":"Visakhapatnam","division":"Eluru"}},{"type":"Feature","id":"s-ss-220kv-grvd","geometry":{"type":"Point","coordinates":[83.52756,18.28066]},"properties":{"id":"s-ss-220kv-grvd","kind":"substation","name":"GARIVIDI","descriptiveName":"220KV GARIVIDI SS","ssCode":"SS-220KV-GRVD","voltage":220,"circle":"Vizianagaram","circleInferred":false,"doc":null,"lng":83.52756,"lat":18.28066,"connectedLineIds":["l-0085","l-0086","l-0130","l-0131","l-0201","l-0202","l-0596","l-0597","l-0598","l-0599","l-0600","l-0601","l-0602","l-0603","l-0604","l-1028","l-1057"],"connectedLineCount":17,"zone":"Visakhapatnam","division":"Vizianagaram"}},{"type":"Feature","id":"s-ss-132kv-rjnm","geometry":{"type":"Point","coordinates":[81.94402,17.04817]},"properties":{"id":"s-ss-132kv-rjnm","kind":"substation","name":"RAJANAGARAM","descriptiveName":"132KV RAJANAGARAM SS","ssCode":"SS-132KV-RJNM","voltage":132,"circle":"Rajamahendravaram","circleInferred":false,"doc":null,"lng":81.94402,"lat":17.04817,"connectedLineIds":["l-0525","l-0942"],"connectedLineCount":2,"zone":"Visakhapatnam","division":"Bommuru"}},{"type":"Feature","id":"s-ss-220kv-undi","geometry":{"type":"Point","coordinates":[81.47839,16.57904]},"properties":{"id":"s-ss-220kv-undi","kind":"substation","name":"UNDI","descriptiveName":"220KV UNDI SS","ssCode":"SS-220KV-UNDI","voltage":220,"circle":"Eluru","circleInferred":false,"doc":null,"lng":81.47839,"lat":16.57904,"connectedLineIds":["l-0127","l-0154","l-0320","l-0341","l-0506","l-0507","l-1051","l-1052"],"connectedLineCount":8,"zone":"Visakhapatnam","division":"Nidadavole"}},{"type":"Feature","id":"s-ss-132kv-alpm","geometry":{"type":"Point","coordinates":[81.99512,16.58007]},"properties":{"id":"s-ss-132kv-alpm","kind":"substation","name":"AMALAPURAM","descriptiveName":"132KV AMALAPURAM SS","ssCode":"SS-132KV-ALPM","voltage":132,"circle":"Rajamahendravaram","circleInferred":false,"doc":null,"lng":81.99512,"lat":16.58007,"connectedLineIds":["l-0451","l-0452","l-0718","l-0764"],"connectedLineCount":4,"zone":"Visakhapatnam","division":"Bommuru"}},{"type":"Feature","id":"s-ss-132kv-rgdm","geometry":{"type":"Point","coordinates":[80.8983,16.64096]},"properties":{"id":"s-ss-132kv-rgdm","kind":"substation","name":"RANGANNAGUDEM","descriptiveName":"132KV RANGANNAGUDEM SS","ssCode":"SS-132KV-RGDM","voltage":132,"circle":"Vijayawada","circleInferred":false,"doc":null,"lng":80.8983,"lat":16.64096,"connectedLineIds":["l-0634","l-0696","l-0947"],"connectedLineCount":3,"zone":"Vijayawada","division":"Nunna"}},{"type":"Feature","id":"s-ss-132kv-vntd","geometry":{"type":"Point","coordinates":[83.38764,18.09193]},"properties":{"id":"s-ss-132kv-vntd","kind":"substation","name":"VONTITHADI","descriptiveName":"132KV VONTITHADI SS","ssCode":"SS-132KV-VNTD","voltage":132,"circle":"Vizianagaram","circleInferred":false,"doc":null,"lng":83.38764,"lat":18.09193,"connectedLineIds":["l-1033","l-1057","l-1058"],"connectedLineCount":3,"zone":"Visakhapatnam","division":"Vizianagaram"}},{"type":"Feature","id":"s-ss-132kv-mors","geometry":{"type":"Point","coordinates":[83.5425,18.26916]},"properties":{"id":"s-ss-132kv-mors","kind":"substation","name":"MOR","descriptiveName":"132KV MOR SS","ssCode":"SS-132KV-MORS","voltage":132,"circle":"Vizianagaram","circleInferred":false,"doc":null,"lng":83.5425,"lat":18.26916,"connectedLineIds":["l-0603","l-0760","l-0761","l-0762"],"connectedLineCount":4,"zone":"Visakhapatnam","division":"Vizianagaram"}},{"type":"Feature","id":"s-ss-220kv-prwd","geometry":{"type":"Point","coordinates":[83.09165,17.64277]},"properties":{"id":"s-ss-220kv-prwd","kind":"substation","name":"PARAWADA","descriptiveName":"220KV PARAWADA SS","ssCode":"SS-220KV-PRWD","voltage":220,"circle":"Visakhapatnam","circleInferred":false,"doc":null,"lng":83.09165,"lat":17.64277,"connectedLineIds":["l-0233","l-0346","l-0369","l-0370","l-0588","l-0858"],"connectedLineCount":6,"zone":"Visakhapatnam","division":"Gajuwaka"}},{"type":"Feature","id":"s-ss-132kv-rjam","geometry":{"type":"Point","coordinates":[83.62968,18.3958]},"properties":{"id":"s-ss-132kv-rjam","kind":"substation","name":"RAJAM","descriptiveName":"132KV RAJAM SS","ssCode":"SS-132KV-RJAM","voltage":132,"circle":"Srikakulam","circleInferred":false,"doc":null,"lng":83.62968,"lat":18.3958,"connectedLineIds":["l-0604"],"connectedLineCount":1,"zone":"Visakhapatnam","division":"Srikakulam"}},{"type":"Feature","id":"s-ss-220kv-duva","geometry":{"type":"Point","coordinates":[81.63447,16.76134]},"properties":{"id":"s-ss-220kv-duva","kind":"substation","name":"DUVVA","descriptiveName":"220KV DUVVA SS","ssCode":"SS-220KV-DUVA","voltage":220,"circle":"Eluru","circleInferred":false,"doc":null,"lng":81.63447,"lat":16.76134,"connectedLineIds":["l-0127","l-0338","l-0577","l-0824","l-1125"],"connectedLineCount":5,"zone":"Visakhapatnam","division":"Nidadavole"}},{"type":"Feature","id":"s-ss-132kv-pbvm","geometry":{"type":"Point","coordinates":[83.62087,18.14277]},"properties":{"id":"s-ss-132kv-pbvm","kind":"substation","name":"PYDIBHIMAVARAM","descriptiveName":"132KV PYDIBHIMAVARAM SS","ssCode":"SS-132KV-PBVM","voltage":132,"circle":"Srikakulam","circleInferred":false,"doc":null,"lng":83.62087,"lat":18.14277,"connectedLineIds":["l-0760","l-0922","l-0926","l-0927"],"connectedLineCount":4,"zone":"Visakhapatnam","division":"Srikakulam"}},{"type":"Feature","id":"s-ss-220kv-bdpm","geometry":{"type":"Point","coordinates":[83.23887,17.89225]},"properties":{"id":"s-ss-220kv-bdpm","kind":"substation","name":"BHIMANNADORAPALEM","descriptiveName":"220KV BHIMANNADORAPALEM SS","ssCode":"SS-220KV-BDPM","voltage":220,"circle":"Vizianagaram","circleInferred":false,"doc":null,"lng":83.23887,"lat":17.89225,"connectedLineIds":["l-0079","l-0080","l-0197","l-0198","l-0234","l-0235"],"connectedLineCount":6,"zone":"Visakhapatnam","division":"Vizianagaram"}},{"type":"Feature","id":"s-ss-132kv-sklm","geometry":{"type":"Point","coordinates":[83.95094,18.32188]},"properties":{"id":"s-ss-132kv-sklm","kind":"substation","name":"SRIKAKULAM","descriptiveName":"132KV SRIKAKULAM SS","ssCode":"SS-132KV-SKLM","voltage":132,"circle":"Srikakulam","circleInferred":false,"doc":null,"lng":83.95094,"lat":18.32188,"connectedLineIds":["l-0797","l-0798"],"connectedLineCount":2,"zone":"Visakhapatnam","division":"Srikakulam"}},{"type":"Feature","id":"s-ss-132kv-icpm","geometry":{"type":"Point","coordinates":[84.68267,19.10465]},"properties":{"id":"s-ss-132kv-icpm","kind":"substation","name":"ICHAPURAM","descriptiveName":"132KV ICHAPURAM SS","ssCode":"SS-132KV-ICPM","voltage":132,"circle":"Srikakulam","circleInferred":false,"doc":null,"lng":84.68267,"lat":19.10465,"connectedLineIds":["l-0854"],"connectedLineCount":1,"zone":"Visakhapatnam","division":"Srikakulam"}},{"type":"Feature","id":"s-kothavalasa-132","geometry":{"type":"Point","coordinates":[83.18711,17.93651]},"properties":{"id":"s-kothavalasa-132","kind":"substation","name":"KOTHAVALASA","descriptiveName":"132KV KOTHAVALASA SS","ssCode":null,"voltage":132,"circle":"Visakhapatnam","circleInferred":false,"doc":null,"lng":83.18711,"lat":17.93651,"connectedLineIds":["l-0719","l-0720","l-1030"],"connectedLineCount":3,"zone":"Visakhapatnam","division":"Vizianagaram"}},{"type":"Feature","id":"s-ss-132kv-mlpt","geometry":{"type":"Point","coordinates":[81.7768,17.03174]},"properties":{"id":"s-ss-132kv-mlpt","kind":"substation","name":"MALLAYYAPETA","descriptiveName":"132KV MALLAYYAPETA SS","ssCode":"SS-132KV-MLPT","voltage":132,"circle":"Rajamahendravaram","circleInferred":false,"doc":null,"lng":81.7768,"lat":17.03174,"connectedLineIds":["l-0520","l-0521","l-0743"],"connectedLineCount":3,"zone":"Visakhapatnam","division":"Bommuru"}},{"type":"Feature","id":"s-ss-220kv-rcvm","geometry":{"type":"Point","coordinates":[81.78766,17.43191]},"properties":{"id":"s-ss-220kv-rcvm","kind":"substation","name":"RAMPACHODAVARAM","descriptiveName":"220KV RAMPACHODAVARAM SS","ssCode":"SS-220KV-RCVM","voltage":220,"circle":"Rajamahendravaram","circleInferred":false,"doc":null,"lng":81.78766,"lat":17.43191,"connectedLineIds":["l-0078"],"connectedLineCount":1,"zone":"Visakhapatnam","division":"Bommuru"}},{"type":"Feature","id":"s-ss-132kv-ptpl","geometry":{"type":"Point","coordinates":[81.49932,16.84048]},"properties":{"id":"s-ss-132kv-ptpl","kind":"substation","name":"PEDATADEPALLI","descriptiveName":"132KV PEDATADEPALLI SS","ssCode":"SS-132KV-PTPL","voltage":132,"circle":"Eluru","circleInferred":false,"doc":null,"lng":81.49932,"lat":16.84048,"connectedLineIds":["l-0820","l-0821","l-0907","l-1105","l-1106"],"connectedLineCount":5,"zone":"Visakhapatnam","division":"Eluru"}},{"type":"Feature","id":"s-ss-132kv-ngbl","geometry":{"type":"Point","coordinates":[82.87513,17.60474]},"properties":{"id":"s-ss-132kv-ngbl","kind":"substation","name":"NARASINGABILLI","descriptiveName":"132KV NARASINGABILLI SS","ssCode":"SS-132KV-NGBL","voltage":132,"circle":"Visakhapatnam","circleInferred":false,"doc":null,"lng":82.87513,"lat":17.60474,"connectedLineIds":["l-0534","l-0794","l-0795","l-0796"],"connectedLineCount":4,"zone":"Visakhapatnam","division":"Gajuwaka"}},{"type":"Feature","id":"s-ss-132kv-cdvm","geometry":{"type":"Point","coordinates":[82.89892,17.89947]},"properties":{"id":"s-ss-132kv-cdvm","kind":"substation","name":"CHODAVARAM","descriptiveName":"132KV CHODAVARAM SS","ssCode":"SS-132KV-CDVM","voltage":132,"circle":"Visakhapatnam","circleInferred":false,"doc":null,"lng":82.89892,"lat":17.89947,"connectedLineIds":["l-0699","l-0700"],"connectedLineCount":2,"zone":"Visakhapatnam","division":"Pendurthi"}},{"type":"Feature","id":"s-ss-220kv-bmru","geometry":{"type":"Point","coordinates":[81.80208,16.96406]},"properties":{"id":"s-ss-220kv-bmru","kind":"substation","name":"BOMMUR","descriptiveName":"220KV BOMMUR SS","ssCode":"SS-220KV-BMRU","voltage":220,"circle":"Rajamahendravaram","circleInferred":false,"doc":null,"lng":81.80208,"lat":16.96406,"connectedLineIds":["l-0089","l-0090","l-0091","l-0092","l-0093","l-0094","l-0095","l-0096","l-0371","l-0438","l-0439","l-0519","l-0520","l-0521","l-0522","l-0523","l-0524","l-0525","l-0526"],"connectedLineCount":19,"zone":"Visakhapatnam","division":"Bommuru"}},{"type":"Feature","id":"s-ss-400kv-kmkt","geometry":{"type":"Point","coordinates":[81.19431,16.96134]},"properties":{"id":"s-ss-400kv-kmkt","kind":"substation","name":"KAMAVARAPUKOTA","descriptiveName":"400KV KAMAVARAPUKOTA SS","ssCode":"SS-400KV-KMKT","voltage":400,"circle":"Visakhapatnam","circleInferred":false,"doc":null,"lng":81.19431,"lat":16.96134,"connectedLineIds":["l-0021","l-0022","l-0055","l-0056","l-0060","l-0061","l-0175","l-0176","l-0227","l-0397","l-0406","l-0426"],"connectedLineCount":12,"zone":"Visakhapatnam","division":"Eluru"}},{"type":"Feature","id":"s-ss-132kv-ktpt","geometry":{"type":"Point","coordinates":[81.89705,16.70569]},"properties":{"id":"s-ss-132kv-ktpt","kind":"substation","name":"KOTHAPETA","descriptiveName":"132KV KOTHAPETA SS","ssCode":"SS-132KV-KTPT","voltage":132,"circle":"Rajamahendravaram","circleInferred":false,"doc":null,"lng":81.89705,"lat":16.70569,"connectedLineIds":["l-0718","l-0943"],"connectedLineCount":2,"zone":"Visakhapatnam","division":"Bommuru"}},{"type":"Feature","id":"s-ss-132kv-ksmk","geometry":{"type":"Point","coordinates":[82.98145,17.68655]},"properties":{"id":"s-ss-132kv-ksmk","kind":"substation","name":"KASIMKOTA","descriptiveName":"132KV KASIMKOTA SS","ssCode":"SS-132KV-KSMK","voltage":132,"circle":"Visakhapatnam","circleInferred":false,"doc":null,"lng":82.98145,"lat":17.68655,"connectedLineIds":["l-0698","l-0699","l-0700","l-0877","l-0878"],"connectedLineCount":5,"zone":"Visakhapatnam","division":"Pendurthi"}},{"type":"Feature","id":"s-ss-220kv-gjwk","geometry":{"type":"Point","coordinates":[83.20761,17.69423]},"properties":{"id":"s-ss-220kv-gjwk","kind":"substation","name":"GAJUWAKA","descriptiveName":"220KV GAJUWAKA SS","ssCode":"SS-220KV-GJWK","voltage":220,"circle":"Visakhapatnam","circleInferred":false,"doc":null,"lng":83.20761,"lat":17.69423,"connectedLineIds":["l-0128","l-0129","l-0342","l-0583","l-0584","l-0585","l-0586","l-0587","l-0588","l-0589","l-0590","l-0591","l-0984","l-1061"],"connectedLineCount":14,"zone":"Visakhapatnam","division":"Gajuwaka"}},{"type":"Feature","id":"s-ss-132kv-edta","geometry":{"type":"Point","coordinates":[81.8979,16.87065]},"properties":{"id":"s-ss-132kv-edta","kind":"substation","name":"EDITHA","descriptiveName":"132KV EDITHA SS","ssCode":"SS-132KV-EDTA","voltage":132,"circle":"Rajamahendravaram","circleInferred":false,"doc":null,"lng":81.8979,"lat":16.87065,"connectedLineIds":["l-0580","l-0706"],"connectedLineCount":2,"zone":"Visakhapatnam","division":"Bommuru"}},{"type":"Feature","id":"s-ss-132kv-nljl","geometry":{"type":"Point","coordinates":[81.39802,16.94278]},"properties":{"id":"s-ss-132kv-nljl","kind":"substation","name":"NALLAJERLA","descriptiveName":"132KV NALLAJERLA SS","ssCode":"SS-132KV-NLJL","voltage":132,"circle":"Eluru","circleInferred":false,"doc":null,"lng":81.39802,"lat":16.94278,"connectedLineIds":["l-0657","l-0783","l-0784"],"connectedLineCount":3,"zone":"Visakhapatnam","division":"Eluru"}},{"type":"Feature","id":"s-ss-220kv-vpss","geometry":{"type":"Point","coordinates":[83.13565,17.63725]},"properties":{"id":"s-ss-220kv-vpss","kind":"substation","name":"VSS","descriptiveName":"220KV VSS SS","ssCode":"SS-220KV-VPSS","voltage":220,"circle":"Visakhapatnam","circleInferred":false,"doc":null,"lng":83.13565,"lat":17.63725,"connectedLineIds":["l-0007","l-0008","l-0168","l-0169","l-0342","l-0343","l-0344","l-0345","l-0346","l-0347","l-0348","l-0349","l-0350","l-0351","l-0370"],"connectedLineCount":15,"zone":"Visakhapatnam","division":"Gajuwaka"}},{"type":"Feature","id":"s-ss-132kv-bbli","geometry":{"type":"Point","coordinates":[83.339,18.56372]},"properties":{"id":"s-ss-132kv-bbli","kind":"substation","name":"BOBBILI","descriptiveName":"132KV BOBBILI SS","ssCode":"SS-132KV-BBLI","voltage":132,"circle":"Vizianagaram","circleInferred":false,"doc":null,"lng":83.339,"lat":18.56372,"connectedLineIds":["l-0509","l-0510","l-0511","l-0595","l-0598","l-0864","l-0865"],"connectedLineCount":7,"zone":"Visakhapatnam","division":"Vizianagaram"}},{"type":"Feature","id":"s-ss-400kv-mrdm","geometry":{"type":"Point","coordinates":[83.3242,18.42063]},"properties":{"id":"s-ss-400kv-mrdm","kind":"substation","name":"MARADAM","descriptiveName":"400KV MARADAM SS","ssCode":"SS-400KV-MRDM","voltage":400,"circle":"Vizianagaram","circleInferred":false,"doc":null,"lng":83.3242,"lat":18.42063,"connectedLineIds":["l-0010","l-0011","l-0197","l-0198","l-0199","l-0200","l-0201","l-0202","l-0203","l-0204","l-0238","l-0239"],"connectedLineCount":12,"zone":"Visakhapatnam","division":"Vizianagaram"}},{"type":"Feature","id":"s-ss-132kv-srss","geometry":{"type":"Point","coordinates":[82.2729,16.99623]},"properties":{"id":"s-ss-132kv-srss","kind":"substation","name":"SILK ROAD SUGARS.","descriptiveName":"132KV SILK ROAD SUGARS. SS","ssCode":"SS-132KV-SRSS","voltage":132,"circle":"Rajamahendravaram","circleInferred":false,"doc":null,"lng":82.2729,"lat":16.99623,"connectedLineIds":["l-0675","l-0979"],"connectedLineCount":2,"zone":"Visakhapatnam","division":"Kakinada"}},{"type":"Feature","id":"s-ss-132kv-plkd","geometry":{"type":"Point","coordinates":[83.76702,18.59538]},"properties":{"id":"s-ss-132kv-plkd","kind":"substation","name":"PALAKONDA","descriptiveName":"132KV PALAKONDA SS","ssCode":"SS-132KV-PLKD","voltage":132,"circle":"Srikakulam","circleInferred":false,"doc":null,"lng":83.76702,"lat":18.59538,"connectedLineIds":["l-0554","l-0849","l-0850"],"connectedLineCount":3,"zone":"Visakhapatnam","division":"Srikakulam"}},{"type":"Feature","id":"s-ss-132kv-pwlt","geometry":{"type":"Point","coordinates":[83.32981,17.72994]},"properties":{"id":"s-ss-132kv-pwlt","kind":"substation","name":"PEDAWALTAIR","descriptiveName":"132KV PEDAWALTAIR SS","ssCode":"SS-132KV-PWLT","voltage":132,"circle":"Visakhapatnam","circleInferred":false,"doc":null,"lng":83.32981,"lat":17.72994,"connectedLineIds":["l-0572","l-0573"],"connectedLineCount":2,"zone":"Visakhapatnam","division":"Pendurthi"}},{"type":"Feature","id":"s-ss-220kv-bmdl","geometry":{"type":"Point","coordinates":[81.25953,16.82412]},"properties":{"id":"s-ss-220kv-bmdl","kind":"substation","name":"BHIMADOLE","descriptiveName":"220KV BHIMADOLE SS","ssCode":"SS-220KV-BMDL","voltage":220,"circle":"Eluru","circleInferred":false,"doc":null,"lng":81.25953,"lat":16.82412,"connectedLineIds":["l-0081","l-0082","l-0222","l-0397","l-0423","l-0426","l-0501","l-0502","l-0503","l-1104","l-1105"],"connectedLineCount":11,"zone":"Visakhapatnam","division":"Eluru"}},{"type":"Feature","id":"s-ss-132kv-grbm","geometry":{"type":"Point","coordinates":[83.46648,18.37698]},"properties":{"id":"s-ss-132kv-grbm","kind":"substation","name":"GARBHAM","descriptiveName":"132KV GARBHAM SS","ssCode":"SS-132KV-GRBM","voltage":132,"circle":"Vizianagaram","circleInferred":false,"doc":null,"lng":83.46648,"lat":18.37698,"connectedLineIds":["l-0595","l-0602"],"connectedLineCount":2,"zone":"Visakhapatnam","division":"Vizianagaram"}},{"type":"Feature","id":"s-ss-132kv-plsa","geometry":{"type":"Point","coordinates":[84.41532,18.77015]},"properties":{"id":"s-ss-132kv-plsa","kind":"substation","name":"PALASA","descriptiveName":"132KV PALASA SS","ssCode":"SS-132KV-PLSA","voltage":132,"circle":"Srikakulam","circleInferred":false,"doc":null,"lng":84.41532,"lat":18.77015,"connectedLineIds":["l-0853","l-0854","l-1038","l-1039"],"connectedLineCount":4,"zone":"Visakhapatnam","division":"Srikakulam"}},{"type":"Feature","id":"s-ss-220kv-bbgc","geometry":{"type":"Point","coordinates":[83.34382,18.53767]},"properties":{"id":"s-ss-220kv-bbgc","kind":"substation","name":"BOBBILI GROWTH CENTRE","descriptiveName":"220KV BOBBILI GROWTH CENTRE SS","ssCode":"SS-220KV-BBGC","voltage":220,"circle":"Vizianagaram","circleInferred":false,"doc":null,"lng":83.34382,"lat":18.53767,"connectedLineIds":["l-0085","l-0086","l-0199","l-0200","l-0509","l-0510","l-0512","l-0513","l-0514","l-0515","l-0516","l-0517"],"connectedLineCount":12,"zone":"Visakhapatnam","division":"Vizianagaram"}},{"type":"Feature","id":"s-ss-132kv-bcvl","geometry":{"type":"Point","coordinates":[82.03571,16.9707]},"properties":{"id":"s-ss-132kv-bcvl","kind":"substation","name":"BICCAVOLU","descriptiveName":"132KV BICCAVOLU SS","ssCode":"SS-132KV-BCVL","voltage":132,"circle":"Rajamahendravaram","circleInferred":false,"doc":null,"lng":82.03571,"lat":16.9707,"connectedLineIds":["l-0508","l-0996","l-0997"],"connectedLineCount":3,"zone":"Visakhapatnam","division":"Kakinada"}},{"type":"Feature","id":"s-ss-132kv-ckpm","geometry":{"type":"Point","coordinates":[83.80803,18.27185]},"properties":{"id":"s-ss-132kv-ckpm","kind":"substation","name":"CHILAKAPALEM","descriptiveName":"132KV CHILAKAPALEM SS","ssCode":"SS-132KV-CKPM","voltage":132,"circle":"Srikakulam","circleInferred":false,"doc":null,"lng":83.80803,"lat":18.27185,"connectedLineIds":["l-0554","l-0599","l-1165","l-1178"],"connectedLineCount":4,"zone":"Visakhapatnam","division":"Srikakulam"}},{"type":"Feature","id":"s-ss-132kv-nspm","geometry":{"type":"Point","coordinates":[81.68749,16.43446]},"properties":{"id":"s-ss-132kv-nspm","kind":"substation","name":"NARSAPURAM","descriptiveName":"132KV NARSAPURAM SS","ssCode":"SS-132KV-NSPM","voltage":132,"circle":"Eluru","circleInferred":false,"doc":null,"lng":81.68749,"lat":16.43446,"connectedLineIds":["l-0504","l-0792"],"connectedLineCount":2,"zone":"Visakhapatnam","division":"Nidadavole"}},{"type":"Feature","id":"s-ss-132kv-jrgm","geometry":{"type":"Point","coordinates":[81.27094,17.12502]},"properties":{"id":"s-ss-132kv-jrgm","kind":"substation","name":"JANGAREDDYGUDEM","descriptiveName":"132KV JANGAREDDYGUDEM SS","ssCode":"SS-132KV-JRGM","voltage":132,"circle":"Eluru","circleInferred":false,"doc":null,"lng":81.27094,"lat":17.12502,"connectedLineIds":["l-0658","l-0659"],"connectedLineCount":2,"zone":"Visakhapatnam","division":"Eluru"}},{"type":"Feature","id":"s-ss-132kv-dgnp","geometry":{"type":"Point","coordinates":[83.27139,17.71533]},"properties":{"id":"s-ss-132kv-dgnp","kind":"substation","name":"DGNP","descriptiveName":"132KV DGNP SS","ssCode":"SS-132KV-DGNP","voltage":132,"circle":"Visakhapatnam","circleInferred":false,"doc":null,"lng":83.27139,"lat":17.71533,"connectedLineIds":["l-0574","l-0575","l-0801","l-0804","l-0890","l-0953"],"connectedLineCount":6,"zone":"Visakhapatnam","division":"Gajuwaka"}},{"type":"Feature","id":"s-ss-132kv-salr","geometry":{"type":"Point","coordinates":[83.22832,18.55222]},"properties":{"id":"s-ss-132kv-salr","kind":"substation","name":"SALUR","descriptiveName":"132KV SALUR SS","ssCode":"SS-132KV-SALR","voltage":132,"circle":"Vizianagaram","circleInferred":false,"doc":null,"lng":83.22832,"lat":18.55222,"connectedLineIds":["l-0516","l-0517"],"connectedLineCount":2,"zone":"Visakhapatnam","division":"Vizianagaram"}},{"type":"Feature","id":"s-ss-132kv-nvpm","geometry":{"type":"Point","coordinates":[83.30837,17.73829]},"properties":{"id":"s-ss-132kv-nvpm","kind":"substation","name":"NAKKAVANIPALEM","descriptiveName":"132KV NAKKAVANIPALEM SS","ssCode":"SS-132KV-NVPM","voltage":132,"circle":"Visakhapatnam","circleInferred":false,"doc":null,"lng":83.30837,"lat":17.73829,"connectedLineIds":["l-0782","l-0988"],"connectedLineCount":2,"zone":"Visakhapatnam","division":"Pendurthi"}},{"type":"Feature","id":"s-ss-132kv-kvkt","geometry":{"type":"Point","coordinates":[81.20342,17.00185]},"properties":{"id":"s-ss-132kv-kvkt","kind":"substation","name":"KAMAVARAPU KOTA","descriptiveName":"132KV KAMAVARAPU KOTA SS","ssCode":"SS-132KV-KVKT","voltage":132,"circle":"Eluru","circleInferred":false,"doc":null,"lng":81.20342,"lat":17.00185,"connectedLineIds":["l-0657","l-0658","l-0688","l-0689","l-1128"],"connectedLineCount":5,"zone":"Visakhapatnam","division":"Eluru"}},{"type":"Feature","id":"s-ss-132kv-yrng","geometry":{"type":"Point","coordinates":[81.50818,16.99416]},"properties":{"id":"s-ss-132kv-yrng","kind":"substation","name":"YERNAGUDEM","descriptiveName":"132KV YERNAGUDEM SS","ssCode":"SS-132KV-YRNG","voltage":132,"circle":"Eluru","circleInferred":false,"doc":null,"lng":81.50818,"lat":16.99416,"connectedLineIds":["l-0660","l-1166"],"connectedLineCount":2,"zone":"Visakhapatnam","division":"Nidadavole"}},{"type":"Feature","id":"s-ss-220kv-ndvl","geometry":{"type":"Point","coordinates":[81.67767,16.92914]},"properties":{"id":"s-ss-220kv-ndvl","kind":"substation","name":"NIDADAVOLE","descriptiveName":"220KV NIDADAVOLE SS","ssCode":"SS-220KV-NDVL","voltage":220,"circle":"Eluru","circleInferred":false,"doc":null,"lng":81.67767,"lat":16.92914,"connectedLineIds":["l-0155","l-0219","l-0220","l-0221","l-0438","l-0439","l-0819","l-0822","l-0823","l-0826","l-0827","l-0828","l-0829","l-1179"],"connectedLineCount":14,"zone":"Visakhapatnam","division":"Nidadavole"}},{"type":"Feature","id":"s-ss-220kv-kmvk","geometry":{"type":"Point","coordinates":[81.20396,16.99918]},"properties":{"id":"s-ss-220kv-kmvk","kind":"substation","name":"KAMAVARAPU KOTA","descriptiveName":"220KV KAMAVARAPU KOTA SS","ssCode":"SS-220KV-KMVK","voltage":220,"circle":"Eluru","circleInferred":false,"doc":null,"lng":81.20396,"lat":16.99918,"connectedLineIds":["l-0175","l-0176","l-0219","l-0406","l-0579","l-0659","l-0660","l-0686","l-0687","l-0688","l-0689","l-1129"],"connectedLineCount":12,"zone":"Visakhapatnam","division":"Eluru"}},{"type":"Feature","id":"s-ss-132kv-bvrm","geometry":{"type":"Point","coordinates":[81.54538,16.55147]},"properties":{"id":"s-ss-132kv-bvrm","kind":"substation","name":"BHIMAVARAM","descriptiveName":"132KV BHIMAVARAM SS","ssCode":"SS-132KV-BVRM","voltage":132,"circle":"Eluru","circleInferred":false,"doc":null,"lng":81.54538,"lat":16.55147,"connectedLineIds":["l-0504","l-0505","l-0506","l-0507","l-0882","l-1023"],"connectedLineCount":6,"zone":"Visakhapatnam","division":"Nidadavole"}},{"type":"Feature","id":"s-ss-132kv-mlkp","geometry":{"type":"Point","coordinates":[83.25261,17.68838]},"properties":{"id":"s-ss-132kv-mlkp","kind":"substation","name":"MALKAPURAM","descriptiveName":"132KV MALKAPURAM SS","ssCode":"SS-132KV-MLKP","voltage":132,"circle":"Visakhapatnam","circleInferred":false,"doc":null,"lng":83.25261,"lat":17.68838,"connectedLineIds":["l-0592","l-0593","l-1114"],"connectedLineCount":3,"zone":"Visakhapatnam","division":"Gajuwaka"}},{"type":"Feature","id":"s-ss-132kv-vprt","geometry":{"type":"Point","coordinates":[83.29056,17.70455]},"properties":{"id":"s-ss-132kv-vprt","kind":"substation","name":"PORT","descriptiveName":"132KV PORT SS","ssCode":"SS-132KV-VPRT","voltage":132,"circle":"Visakhapatnam","circleInferred":false,"doc":null,"lng":83.29056,"lat":17.70455,"connectedLineIds":["l-0782","l-0890"],"connectedLineCount":2,"zone":"Visakhapatnam","division":"Pendurthi"}},{"type":"Feature","id":"s-ss-220kv-gvrm","geometry":{"type":"Point","coordinates":[83.20783,17.65855]},"properties":{"id":"s-ss-220kv-gvrm","kind":"substation","name":"GANGAVARAM PORT","descriptiveName":"220KV GANGAVARAM PORT SS","ssCode":"SS-220KV-GVRM","voltage":220,"circle":"Visakhapatnam","circleInferred":false,"doc":null,"lng":83.20783,"lat":17.65855,"connectedLineIds":["l-0128","l-0343","l-0592","l-0593"],"connectedLineCount":4,"zone":"Visakhapatnam","division":"Gajuwaka"}},{"type":"Feature","id":"s-ss-132kv-kprl","geometry":{"type":"Point","coordinates":[82.76541,17.42081]},"properties":{"id":"s-ss-132kv-kprl","kind":"substation","name":"KORUPROLU","descriptiveName":"132KV KORUPROLU SS","ssCode":"SS-132KV-KPRL","voltage":132,"circle":"Visakhapatnam","circleInferred":false,"doc":null,"lng":82.76541,"lat":17.42081,"connectedLineIds":["l-0715","l-0716","l-0717","l-0795","l-0858","l-1139"],"connectedLineCount":6,"zone":"Visakhapatnam","division":"Gajuwaka"}},{"type":"Feature","id":"s-ss-132kv-rzle","geometry":{"type":"Point","coordinates":[81.84415,16.46241]},"properties":{"id":"s-ss-132kv-rzle","kind":"substation","name":"RAZOLE","descriptiveName":"132KV RAZOLE SS","ssCode":"SS-132KV-RZLE","voltage":132,"circle":"Rajamahendravaram","circleInferred":false,"doc":null,"lng":81.84415,"lat":16.46241,"connectedLineIds":["l-0451","l-0452","l-0505","l-0792","l-0952"],"connectedLineCount":5,"zone":"Visakhapatnam","division":"Bommuru"}},{"type":"Feature","id":"s-ss-220kv-slkt","geometry":{"type":"Point","coordinates":[82.12163,17.04248]},"properties":{"id":"s-ss-220kv-slkt","kind":"substation","name":"SAMALKOT","descriptiveName":"220KV SAMALKOT SS","ssCode":"SS-220KV-SLKT","voltage":220,"circle":"Rajamahendravaram","circleInferred":false,"doc":null,"lng":82.12163,"lat":17.04248,"connectedLineIds":["l-0043","l-0044","l-0096","l-0295","l-0298","l-0299","l-0339","l-0340","l-0415","l-0872","l-0873","l-0996","l-0997","l-0998","l-0999","l-1147","l-1161"],"connectedLineCount":17,"zone":"Visakhapatnam","division":"Kakinada"}},{"type":"Feature","id":"s-ss-132-33kv-glpm","geometry":{"type":"Point","coordinates":[82.16166,16.84786]},"properties":{"id":"s-ss-132-33kv-glpm","kind":"substation","name":"GOLLAPALEM","descriptiveName":"132KV GOLLAPALEM SS","ssCode":"SS-132/33KV-GLPM","voltage":132,"circle":"Rajamahendravaram","circleInferred":false,"doc":null,"lng":82.16166,"lat":16.84786,"connectedLineIds":["l-0668"],"connectedLineCount":1,"zone":"Visakhapatnam","division":"Kakinada"}},{"type":"Feature","id":"s-ss-132kv-kvru","geometry":{"type":"Point","coordinates":[81.73947,17.00963]},"properties":{"id":"s-ss-132kv-kvru","kind":"substation","name":"KOVVURU","descriptiveName":"132KV KOVVURU SS","ssCode":"SS-132KV-KVRU","voltage":132,"circle":"Eluru","circleInferred":false,"doc":null,"lng":81.73947,"lat":17.00963,"connectedLineIds":["l-0825","l-0826"],"connectedLineCount":2,"zone":"Visakhapatnam","division":"Nidadavole"}},{"type":"Feature","id":"s-ss-132kv-kdgr","geometry":{"type":"Point","coordinates":[81.85083,16.93051]},"properties":{"id":"s-ss-132kv-kdgr","kind":"substation","name":"KONDAGUNTURU","descriptiveName":"132KV KONDAGUNTURU SS","ssCode":"SS-132KV-KDGR","voltage":132,"circle":"Rajamahendravaram","circleInferred":false,"doc":null,"lng":81.85083,"lat":16.93051,"connectedLineIds":["l-0519","l-0706","l-0707"],"connectedLineCount":3,"zone":"Visakhapatnam","division":"Bommuru"}},{"type":"Feature","id":"s-ss-132kv-nspt","geometry":{"type":"Point","coordinates":[84.06959,18.43333]},"properties":{"id":"s-ss-132kv-nspt","kind":"substation","name":"NARASANNAPETA","descriptiveName":"132KV NARASANNAPETA SS","ssCode":"SS-132KV-NSPT","voltage":132,"circle":"Srikakulam","circleInferred":false,"doc":null,"lng":84.06959,"lat":18.43333,"connectedLineIds":["l-0797","l-0798","l-1035","l-1036"],"connectedLineCount":4,"zone":"Visakhapatnam","division":"Srikakulam"}},{"type":"Feature","id":"s-ss-132kv-nddv","geometry":{"type":"Point","coordinates":[81.67345,16.91645]},"properties":{"id":"s-ss-132kv-nddv","kind":"substation","name":"NIDADAVOLE","descriptiveName":"132KV NIDADAVOLE SS","ssCode":"SS-132KV-NDDV","voltage":132,"circle":"Eluru","circleInferred":false,"doc":null,"lng":81.67345,"lat":16.91645,"connectedLineIds":["l-0522","l-0523","l-0820","l-0821","l-0822","l-0823","l-0824","l-0825"],"connectedLineCount":8,"zone":"Visakhapatnam","division":"Nidadavole"}},{"type":"Feature","id":"s-ss-132kv-vsez","geometry":{"type":"Point","coordinates":[83.1536,17.70711]},"properties":{"id":"s-ss-132kv-vsez","kind":"substation","name":"VSEZ","descriptiveName":"132KV VSEZ SS","ssCode":"SS-132KV-VSEZ","voltage":132,"circle":"Visakhapatnam","circleInferred":false,"doc":null,"lng":83.1536,"lat":17.70711,"connectedLineIds":["l-0986","l-1059","l-1060","l-1061"],"connectedLineCount":4,"zone":"Visakhapatnam","division":"Gajuwaka"}},{"type":"Feature","id":"s-ss-132kv-rcpm","geometry":{"type":"Point","coordinates":[82.0389,16.83318]},"properties":{"id":"s-ss-132kv-rcpm","kind":"substation","name":"RAMACHANDRAPURAM","descriptiveName":"132KV RAMACHANDRAPURAM SS","ssCode":"SS-132KV-RCPM","voltage":132,"circle":"Rajamahendravaram","circleInferred":false,"doc":null,"lng":82.0389,"lat":16.83318,"connectedLineIds":["l-0580","l-0943","l-0944","l-0978","l-1147","l-1161"],"connectedLineCount":6,"zone":"Visakhapatnam","division":"Kakinada"}},{"type":"Feature","id":"s-ss-220kv-plnl","geometry":{"type":"Point","coordinates":[81.55925,16.99665]},"properties":{"id":"s-ss-220kv-plnl","kind":"substation","name":"PALLANTLA","descriptiveName":"220KV PALLANTLA SS","ssCode":"SS-220KV-PLNL","voltage":220,"circle":"Eluru","circleInferred":false,"doc":null,"lng":81.55925,"lat":16.99665,"connectedLineIds":["l-0081","l-0082","l-0220","l-0221","l-0386","l-0409","l-0783","l-1166","l-1179"],"connectedLineCount":9,"zone":"Visakhapatnam","division":"Nidadavole"}},{"type":"Feature","id":"s-ss-220kv-brdx","geometry":{"type":"Point","coordinates":[82.99052,17.52221]},"properties":{"id":"s-ss-220kv-brdx","kind":"substation","name":"BRANDIX","descriptiveName":"220KV BRANDIX SS","ssCode":"SS-220KV-BRDX","voltage":220,"circle":"Visakhapatnam","circleInferred":false,"doc":null,"lng":82.99052,"lat":17.52221,"connectedLineIds":["l-0110","l-0111","l-0162","l-0163","l-0398","l-0427","l-0530","l-0531","l-0532","l-0533","l-0534","l-0535","l-0536","l-0537","l-0538","l-0539","l-0583"],"connectedLineCount":17,"zone":"Visakhapatnam","division":"Gajuwaka"}},{"type":"Feature","id":"s-ss-132kv-ptpd","geometry":{"type":"Point","coordinates":[82.18936,17.22388]},"properties":{"id":"s-ss-132kv-ptpd","kind":"substation","name":"PRATHIPADU","descriptiveName":"132KV PRATHIPADU SS","ssCode":"SS-132KV-PTPD","voltage":132,"circle":"Rajamahendravaram","circleInferred":false,"doc":null,"lng":82.18936,"lat":17.22388,"connectedLineIds":["l-0900","l-0945","l-0946"],"connectedLineCount":3,"zone":"Visakhapatnam","division":"Kakinada"}},{"type":"Feature","id":"s-ss-220kv-bvpt","geometry":{"type":"Point","coordinates":[81.84029,17.21158]},"properties":{"id":"s-ss-220kv-bvpt","kind":"substation","name":"BAVOJIPETA","descriptiveName":"220KV BAVOJIPETA SS","ssCode":"SS-220KV-BVPT","voltage":220,"circle":"Rajamahendravaram","circleInferred":false,"doc":null,"lng":81.84029,"lat":17.21158,"connectedLineIds":["l-0074","l-0075","l-0076","l-0077","l-0078","l-0089","l-0090"],"connectedLineCount":7,"zone":"Visakhapatnam","division":"Bommuru"}},{"type":"Feature","id":"s-ss-132kv-pdpm","geometry":{"type":"Point","coordinates":[82.1285,17.08481]},"properties":{"id":"s-ss-132kv-pdpm","kind":"substation","name":"PEDDAPURAM","descriptiveName":"132KV PEDDAPURAM SS","ssCode":"SS-132KV-PDPM","voltage":132,"circle":"Rajamahendravaram","circleInferred":false,"doc":null,"lng":82.1285,"lat":17.08481,"connectedLineIds":["l-0524","l-0670","l-0671","l-0868","l-0871","l-0872","l-0873","l-0942","l-1182","l-1187"],"connectedLineCount":10,"zone":"Visakhapatnam","division":"Kakinada"}},{"type":"Feature","id":"s-ss-220kv-dyfm","geometry":{"type":"Point","coordinates":[83.31404,17.76222]},"properties":{"id":"s-ss-220kv-dyfm","kind":"substation","name":"DAIRYFARM","descriptiveName":"220KV DAIRYFARM SS","ssCode":"SS-220KV-DYFM","voltage":220,"circle":"Visakhapatnam","circleInferred":false,"doc":null,"lng":83.31404,"lat":17.76222,"connectedLineIds":["l-0236","l-0237","l-0282","l-0283","l-0572","l-0573"],"connectedLineCount":6,"zone":"Visakhapatnam","division":"Pendurthi"}},{"type":"Feature","id":"s-ss-132kv-chpd","geometry":{"type":"Point","coordinates":[80.98424,17.0536]},"properties":{"id":"s-ss-132kv-chpd","kind":"substation","name":"CHINTALAPUDI","descriptiveName":"132KV CHINTALAPUDI SS","ssCode":"SS-132KV-CHPD","voltage":132,"circle":"Eluru","circleInferred":false,"doc":null,"lng":80.98424,"lat":17.0536,"connectedLineIds":["l-0686","l-0687"],"connectedLineCount":2,"zone":"Visakhapatnam","division":"Eluru"}},{"type":"Feature","id":"s-ss-132kv-pvpm","geometry":{"type":"Point","coordinates":[83.42694,18.77215]},"properties":{"id":"s-ss-132kv-pvpm","kind":"substation","name":"PARVATIPURAM","descriptiveName":"132KV PARVATIPURAM SS","ssCode":"SS-132KV-PVPM","voltage":132,"circle":"Vizianagaram","circleInferred":false,"doc":null,"lng":83.42694,"lat":18.77215,"connectedLineIds":["l-0864","l-0865","l-0866"],"connectedLineCount":3,"zone":"Visakhapatnam","division":"Vizianagaram"}},{"type":"Feature","id":"s-ss-220kv-rmvm","geometry":{"type":"Point","coordinates":[82.07047,17.19182]},"properties":{"id":"s-ss-220kv-rmvm","kind":"substation","name":"RAMAVARAM","descriptiveName":"220KV RAMAVARAM SS","ssCode":"SS-220KV-RMVM","voltage":220,"circle":"Rajamahendravaram","circleInferred":false,"doc":null,"lng":82.07047,"lat":17.19182,"connectedLineIds":["l-0076","l-0077","l-0871","l-0945","l-0946","l-1182"],"connectedLineCount":6,"zone":"Visakhapatnam","division":"Kakinada"}},{"type":"Feature","id":"s-ss-132kv-ptnr","geometry":{"type":"Point","coordinates":[82.22025,16.97278]},"properties":{"id":"s-ss-132kv-ptnr","kind":"substation","name":"PRATAPNAGAR","descriptiveName":"132KV PRATAPNAGAR SS","ssCode":"SS-132KV-PTNR","voltage":132,"circle":"Rajamahendravaram","circleInferred":false,"doc":null,"lng":82.22025,"lat":16.97278,"connectedLineIds":["l-0672","l-0899"],"connectedLineCount":2,"zone":"Visakhapatnam","division":"Kakinada"}},{"type":"Feature","id":"s-ss-132kv-mdrm","geometry":{"type":"Point","coordinates":[82.09344,16.63285]},"properties":{"id":"s-ss-132kv-mdrm","kind":"substation","name":"MUMMIDIVARAM","descriptiveName":"132KV MUMMIDIVARAM SS","ssCode":"SS-132KV-MDRM","voltage":132,"circle":"Rajamahendravaram","circleInferred":false,"doc":null,"lng":82.09344,"lat":16.63285,"connectedLineIds":["l-0764","l-0944"],"connectedLineCount":2,"zone":"Visakhapatnam","division":"Bommuru"}},{"type":"Feature","id":"s-ss-400kv-klpk","geometry":{"type":"Point","coordinates":[83.11964,17.613]},"properties":{"id":"s-ss-400kv-klpk","kind":"substation","name":"KALAPAKA","descriptiveName":"400KV KALAPAKA SS","ssCode":"SS-400KV-KLPK","voltage":400,"circle":"Visakhapatnam","circleInferred":false,"doc":null,"lng":83.11964,"lat":17.613,"connectedLineIds":["l-0006","l-0007","l-0008","l-0009","l-0010","l-0011","l-0012","l-0013","l-0014","l-0015","l-0162","l-0163","l-0164","l-0165","l-0166","l-0167","l-0168","l-0169"],"connectedLineCount":18,"zone":"Visakhapatnam","division":"Pendurthi"}},{"type":"Feature","id":"s-ss-220kv-prpm","geometry":{"type":"Point","coordinates":[81.66103,17.25367]},"properties":{"id":"s-ss-220kv-prpm","kind":"substation","name":"PURUSHOTHAPATNAM","descriptiveName":"220KV PURUSHOTHAPATNAM SS","ssCode":"SS-220KV-PRPM","voltage":220,"circle":"Rajamahendravaram","circleInferred":false,"doc":null,"lng":81.66103,"lat":17.25367,"connectedLineIds":["l-0074","l-0075","l-0414","l-0421"],"connectedLineCount":4,"zone":"Visakhapatnam","division":"Bommuru"}},{"type":"Feature","id":"s-ss-132kv-sgnd","geometry":{"type":"Point","coordinates":[81.60099,17.17249]},"properties":{"id":"s-ss-132kv-sgnd","kind":"substation","name":"SAGGONDA","descriptiveName":"132KV SAGGONDA SS","ssCode":"SS-132KV-SGND","voltage":132,"circle":"Eluru","circleInferred":false,"doc":null,"lng":81.60099,"lat":17.17249,"connectedLineIds":["l-0828","l-0829","l-0973","l-1174"],"connectedLineCount":4,"zone":"Visakhapatnam","division":"Nidadavole"}},{"type":"Feature","id":"s-ss-132kv-pprm","geometry":{"type":"Point","coordinates":[82.25357,17.12909]},"properties":{"id":"s-ss-132kv-pprm","kind":"substation","name":"PITHAPURAM","descriptiveName":"132KV PITHAPURAM SS","ssCode":"SS-132KV-PPRM","voltage":132,"circle":"Rajamahendravaram","circleInferred":false,"doc":null,"lng":82.25357,"lat":17.12909,"connectedLineIds":["l-1140","l-1187"],"connectedLineCount":2,"zone":"Visakhapatnam","division":"Kakinada"}},{"type":"Feature","id":"s-ss-132kv-tbvr","geometry":{"type":"Point","coordinates":[83.127,18.171]},"properties":{"id":"s-ss-132kv-tbvr","kind":"substation","name":"TBVARA","descriptiveName":"132KV TBVARA SS","ssCode":"SS-132KV-TBVR","voltage":132,"circle":"Visakhapatnam","circleInferred":false,"doc":null,"lng":83.127,"lat":18.171,"connectedLineIds":["l-0474","l-0475","l-1028","l-1029","l-1030","l-1031","l-1032","l-1033"],"connectedLineCount":8,"zone":"Visakhapatnam","division":"Vizianagaram"}},{"type":"Feature","id":"s-ss-132kv-cmpt","geometry":{"type":"Point","coordinates":[83.28122,17.72812]},"properties":{"id":"s-ss-132kv-cmpt","kind":"substation","name":"COMMONPOINT","descriptiveName":"132KV COMMONPOINT SS","ssCode":"SS-132KV-CMPT","voltage":132,"circle":"Visakhapatnam","circleInferred":false,"doc":null,"lng":83.28122,"lat":17.72812,"connectedLineIds":["l-0800","l-0987"],"connectedLineCount":2,"zone":"Visakhapatnam","division":"Pendurthi"}},{"type":"Feature","id":"s-ss-132kv-arku","geometry":{"type":"Point","coordinates":[82.8667,18.33695]},"properties":{"id":"s-ss-132kv-arku","kind":"substation","name":"ARAKU","descriptiveName":"132KV ARAKU SS","ssCode":"SS-132KV-ARKU","voltage":132,"circle":"Visakhapatnam","circleInferred":false,"doc":null,"lng":82.8667,"lat":18.33695,"connectedLineIds":["l-0468","l-0469","l-0470","l-0471","l-0472","l-0473","l-0474","l-0475","l-0734","l-0735"],"connectedLineCount":10,"zone":"Visakhapatnam","division":"Pendurthi"}},{"type":"Feature","id":"s-ss-220kv-kknd","geometry":{"type":"Point","coordinates":[82.24996,17.0165]},"properties":{"id":"s-ss-220kv-kknd","kind":"substation","name":"KAKINADA","descriptiveName":"220KV KAKINADA SS","ssCode":"SS-220KV-KKND","voltage":220,"circle":"Rajamahendravaram","circleInferred":false,"doc":null,"lng":82.24996,"lat":17.0165,"connectedLineIds":["l-0094","l-0369","l-0391","l-0415","l-0668","l-0669","l-0670","l-0671","l-0672","l-0673","l-0674","l-0675"],"connectedLineCount":12,"zone":"Visakhapatnam","division":"Kakinada"}},{"type":"Feature","id":"s-ss-132kv-adpm","geometry":{"type":"Point","coordinates":[83.37541,17.87927]},"properties":{"id":"s-ss-132kv-adpm","kind":"substation","name":"ANANDAPURAM","descriptiveName":"132KV ANANDAPURAM SS","ssCode":"SS-132KV-ADPM","voltage":132,"circle":"Visakhapatnam","circleInferred":false,"doc":null,"lng":83.37541,"lat":17.87927,"connectedLineIds":["l-0453","l-0454","l-0874","l-0875"],"connectedLineCount":4,"zone":"Visakhapatnam","division":"Pendurthi"}},{"type":"Feature","id":"s-ss-132kv-pkpt","geometry":{"type":"Point","coordinates":[82.56388,17.36415]},"properties":{"id":"s-ss-132kv-pkpt","kind":"substation","name":"PAYAKARAOPETA","descriptiveName":"132KV PAYAKARAOPETA SS","ssCode":"SS-132KV-PKPT","voltage":132,"circle":"Visakhapatnam","circleInferred":false,"doc":null,"lng":82.56388,"lat":17.36415,"connectedLineIds":["l-0717","l-0868","l-0869"],"connectedLineCount":3,"zone":"Visakhapatnam","division":"Gajuwaka"}},{"type":"Feature","id":"s-ss-400kv-vmgr","geometry":{"type":"Point","coordinates":[81.80569,16.9419]},"properties":{"id":"s-ss-400kv-vmgr","kind":"substation","name":"VEMAGIRI","descriptiveName":"400KV VEMAGIRI SS","ssCode":"SS-400KV-VMGR","voltage":400,"circle":"Visakhapatnam","circleInferred":false,"doc":null,"lng":81.80569,"lat":16.9419,"connectedLineIds":["l-0015","l-0034","l-0041","l-0042","l-0043","l-0044","l-0045","l-0046","l-0047","l-0048","l-0049","l-0060","l-0061","l-0091","l-0092","l-0338","l-0339","l-0340","l-0341","l-0371","l-0423"],"connectedLineCount":21,"zone":"Visakhapatnam","division":"Kakinada"}},{"type":"Feature","id":"s-ss-132kv-pngd","geometry":{"type":"Point","coordinates":[81.75455,16.65842]},"properties":{"id":"s-ss-132kv-pngd","kind":"substation","name":"PENUGONDA","descriptiveName":"132KV PENUGONDA SS","ssCode":"SS-132KV-PNGD","voltage":132,"circle":"Eluru","circleInferred":false,"doc":null,"lng":81.75455,"lat":16.65842,"connectedLineIds":["l-0882","l-0948"],"connectedLineCount":2,"zone":"Visakhapatnam","division":"Nidadavole"}},{"type":"Feature","id":"s-ss-132kv-padr","geometry":{"type":"Point","coordinates":[82.63394,18.13139]},"properties":{"id":"s-ss-132kv-padr","kind":"substation","name":"PADERU","descriptiveName":"132KV PADERU SS","ssCode":"SS-132KV-PADR","voltage":132,"circle":"Visakhapatnam","circleInferred":false,"doc":null,"lng":82.63394,"lat":18.13139,"connectedLineIds":["l-0470","l-0471"],"connectedLineCount":2,"zone":"Visakhapatnam","division":"Pendurthi"}},{"type":"Feature","id":"s-ss-220kv-pndt","geometry":{"type":"Point","coordinates":[83.22817,17.82954]},"properties":{"id":"s-ss-220kv-pndt","kind":"substation","name":"PENDURTHI","descriptiveName":"220KV PENDURTHI SS","ssCode":"SS-220KV-PNDT","voltage":220,"circle":"Visakhapatnam","circleInferred":false,"doc":null,"lng":83.22817,"lat":17.82954,"connectedLineIds":["l-0129","l-0234","l-0235","l-0236","l-0237","l-0238","l-0239","l-0322","l-0347","l-0348","l-0608","l-0720","l-0874","l-0875","l-0876","l-0877","l-0878","l-0879","l-0880","l-0881"],"connectedLineCount":20,"zone":"Visakhapatnam","division":"Pendurthi"}},{"type":"Feature","id":"s-ss-132kv-pndr","geometry":{"type":"Point","coordinates":[83.77964,18.36281]},"properties":{"id":"s-ss-132kv-pndr","kind":"substation","name":"PONDURU","descriptiveName":"132KV PONDURU SS","ssCode":"SS-132KV-PNDR","voltage":132,"circle":"Srikakulam","circleInferred":false,"doc":null,"lng":83.77964,"lat":18.36281,"connectedLineIds":["l-0889","l-0925","l-1113"],"connectedLineCount":3,"zone":"Visakhapatnam","division":"Srikakulam"}},{"type":"Feature","id":"s-ss-220kv-hvdc","geometry":{"type":"Point","coordinates":[81.65623,17.8668]},"properties":{"id":"s-ss-220kv-hvdc","kind":"substation","name":"MOTHUGUDEM(HVDC)","descriptiveName":"220KV MOTHUGUDEM(HVDC) SS","ssCode":"SS-220KV- HVDC","voltage":220,"circle":"Rajamahendravaram","circleInferred":false,"doc":null,"lng":81.65623,"lat":17.8668,"connectedLineIds":["l-0095","l-0126","l-0186","l-0187","l-0188","l-0366"],"connectedLineCount":6,"zone":"Vijayawada","division":"Kakinada"}},{"type":"Feature","id":"s-ss-132kv-trpt","geometry":{"type":"Point","coordinates":[79.43097,13.61982]},"properties":{"id":"s-ss-132kv-trpt","kind":"substation","name":"TIRUPATI","descriptiveName":"132KV TIRUPATI SS","ssCode":"SS-132KV-TRPT","voltage":132,"circle":"Tirupati","circleInferred":false,"doc":null,"lng":79.43097,"lat":13.61982,"connectedLineIds":["l-0662","l-1050"],"connectedLineCount":2,"zone":"Kadapa","division":"Thirupathi"}},{"type":"Feature","id":"s-ss-132kv-nlpm","geometry":{"type":"Point","coordinates":[77.68045,14.9483]},"properties":{"id":"s-ss-132kv-nlpm","kind":"substation","name":"NAGALAPURAM","descriptiveName":"133KV NAGALAPURAM SS","ssCode":"SS-132KV-NLPM","voltage":132,"circle":"Anantapur","circleInferred":false,"doc":null,"lng":77.68045,"lat":14.9483,"connectedLineIds":["l-0615","l-0766","l-0767"],"connectedLineCount":3,"zone":"Kadapa","division":"Ananthapuram"}},{"type":"Feature","id":"s-ss-220kv-pmnr","geometry":{"type":"Point","coordinates":[78.7584,13.2019]},"properties":{"id":"s-ss-220kv-pmnr","kind":"substation","name":"PALAMANER","descriptiveName":"220KV PALAMANER SS","ssCode":"SS-220KV-PMNR","voltage":220,"circle":"Tirupati","circleInferred":false,"doc":null,"lng":78.7584,"lat":13.2019,"connectedLineIds":["l-0120","l-0121","l-0189","l-0231","l-0232","l-0817","l-0818","l-0851","l-0852","l-0915"],"connectedLineCount":10,"zone":"Kadapa","division":"Chittoor"}},{"type":"Feature","id":"s-ss-132kv-nkkr","geometry":{"type":"Point","coordinates":[78.27227,15.83237]},"properties":{"id":"s-ss-132kv-nkkr","kind":"substation","name":"NANDIKOTKUR","descriptiveName":"132KV NANDIKOTKUR SS","ssCode":"SS-132KV-NKKR","voltage":132,"circle":"Kurnool","circleInferred":false,"doc":null,"lng":78.27227,"lat":15.83237,"connectedLineIds":["l-0467","l-0786"],"connectedLineCount":2,"zone":"Kadapa","division":"Nandyal"}},{"type":"Feature","id":"s-ss-132kv-sslm","geometry":{"type":"Point","coordinates":[78.90433,16.08014]},"properties":{"id":"s-ss-132kv-sslm","kind":"substation","name":"SRISAILAM","descriptiveName":"132KV SRISAILAM SS","ssCode":"SS-132KV-SSLM","voltage":132,"circle":"Kurnool","circleInferred":false,"doc":null,"lng":78.90433,"lat":16.08014,"connectedLineIds":["l-0031","l-0205","l-0206","l-0208","l-0241","l-0289","l-0290","l-0291","l-0292","l-0293","l-0294","l-0843","l-0994","l-0995"],"connectedLineCount":14,"zone":"Kadapa","division":"Nandyal"}},{"type":"Feature","id":"s-ss-220kv-mlyl","geometry":{"type":"Point","coordinates":[78.23245,15.89635]},"properties":{"id":"s-ss-220kv-mlyl","kind":"substation","name":"MALYALA","descriptiveName":"220KV MALYALA SS","ssCode":"SS-220KV-MLYL","voltage":220,"circle":"Kurnool","circleInferred":false,"doc":null,"lng":78.23245,"lat":15.89635,"connectedLineIds":["l-0107","l-0108","l-0190"],"connectedLineCount":3,"zone":"Kadapa","division":"Nandyal"}},{"type":"Feature","id":"s-ss-400kv-nrnr","geometry":{"type":"Point","coordinates":[78.10697,15.71252]},"properties":{"id":"s-ss-400kv-nrnr","kind":"substation","name":"NANNUR","descriptiveName":"400KV NANNUR SS","ssCode":"SS-400KV-NRNR","voltage":400,"circle":"Kurnool","circleInferred":false,"doc":null,"lng":78.10697,"lat":15.71252,"connectedLineIds":["l-0002","l-0003","l-0023","l-0024","l-0031","l-0071","l-0072","l-0211","l-0212","l-0392","l-0393"],"connectedLineCount":11,"zone":"Kadapa","division":"Nandyal"}},{"type":"Feature","id":"s-ss-400kv-cttr","geometry":{"type":"Point","coordinates":[79.22463,13.21901]},"properties":{"id":"s-ss-400kv-cttr","kind":"substation","name":"CHITTOOR","descriptiveName":"400KV CHITTOOR SS","ssCode":"SS-400KV-CTTR","voltage":400,"circle":"Tirupati","circleInferred":false,"doc":null,"lng":79.22463,"lat":13.21901,"connectedLineIds":["l-0000","l-0001","l-0016","l-0017","l-0025","l-0026","l-0117","l-0118","l-0120","l-0121","l-0207","l-0261"],"connectedLineCount":12,"zone":"Kadapa","division":"Chittoor"}},{"type":"Feature","id":"s-ss-220kv-dhne","geometry":{"type":"Point","coordinates":[77.88631,15.45452]},"properties":{"id":"s-ss-220kv-dhne","kind":"substation","name":"DHONE","descriptiveName":"220KV DHONE SS","ssCode":"SS-220KV-DHNE","voltage":220,"circle":"Kurnool","circleInferred":false,"doc":null,"lng":77.88631,"lat":15.45452,"connectedLineIds":["l-0122","l-0123","l-0124","l-0125","l-0150","l-0151","l-0183"],"connectedLineCount":7,"zone":"Kadapa","division":"Kurnool"}},{"type":"Feature","id":"s-ss-132kv-sbpl","geometry":{"type":"Point","coordinates":[78.74814,13.99192]},"properties":{"id":"s-ss-132kv-sbpl","kind":"substation","name":"SAMBEPALLI","descriptiveName":"132KV SAMBEPALLI SS","ssCode":"SS-132KV-SBPL","voltage":132,"circle":"Tirupati","circleInferred":false,"doc":null,"lng":78.74814,"lat":13.99192,"connectedLineIds":["l-0644","l-0949","l-0974"],"connectedLineCount":3,"zone":"Kadapa","division":null}},{"type":"Feature","id":"s-ss-132kv-crvi","geometry":{"type":"Point","coordinates":[79.97181,13.52512]},"properties":{"id":"s-ss-132kv-crvi","kind":"substation","name":"CHERIVI","descriptiveName":"132KV CHERIVI SS","ssCode":"SS-132KV-CRVI","voltage":132,"circle":"Tirupati","circleInferred":false,"doc":null,"lng":79.97181,"lat":13.52512,"connectedLineIds":["l-0547","l-0548","l-0549","l-1001","l-1002","l-1154"],"connectedLineCount":6,"zone":"Kadapa","division":"Thirupathi"}},{"type":"Feature","id":"s-ss-220kv-bnkr","geometry":{"type":"Point","coordinates":[78.19029,15.82217]},"properties":{"id":"s-ss-220kv-bnkr","kind":"substation","name":"BRAHMANAKOTKUR","descriptiveName":"220KV BRAHMANAKOTKUR SS","ssCode":"SS-220KV-BNKR","voltage":220,"circle":"Kurnool","circleInferred":false,"doc":null,"lng":78.19029,"lat":15.82217,"connectedLineIds":["l-0107","l-0108","l-0109","l-0211","l-0212"],"connectedLineCount":5,"zone":"Kadapa","division":"Nandyal"}},{"type":"Feature","id":"s-ss-220kv-mcmr","geometry":{"type":"Point","coordinates":[78.30208,15.97392]},"properties":{"id":"s-ss-220kv-mcmr","kind":"substation","name":"MUCHUMARRI","descriptiveName":"220KV MUCHUMARRI SS","ssCode":"SS-220KV-MCMR","voltage":220,"circle":"Kurnool","circleInferred":false,"doc":null,"lng":78.30208,"lat":15.97392,"connectedLineIds":["l-0190"],"connectedLineCount":1,"zone":"Kadapa","division":"Nandyal"}},{"type":"Feature","id":"s-ss-220kv-ckyp","geometry":{"type":"Point","coordinates":[78.49226,14.267]},"properties":{"id":"s-ss-220kv-ckyp","kind":"substation","name":"CHAKRAYAPETA","descriptiveName":"220KV CHAKRAYAPETA SS","ssCode":"SS-220KV-CKYP","voltage":220,"circle":"Kadapa","circleInferred":false,"doc":null,"lng":78.49226,"lat":14.267,"connectedLineIds":["l-0069","l-0441","l-1133","l-1134"],"connectedLineCount":4,"zone":"Kadapa","division":"Yerraguntla"}},{"type":"Feature","id":"s-ss-132kv-cdgr","geometry":{"type":"Point","coordinates":[79.31128,13.58922]},"properties":{"id":"s-ss-132kv-cdgr","kind":"substation","name":"CHANDRAGIRI","descriptiveName":"132KV CHANDRAGIRI SS","ssCode":"SS-132KV-CDGR","voltage":132,"circle":"Tirupati","circleInferred":false,"doc":null,"lng":79.31128,"lat":13.58922,"connectedLineIds":["l-0546","l-0928","l-0956","l-1180"],"connectedLineCount":4,"zone":"Kadapa","division":"Thirupathi"}},{"type":"Feature","id":"s-ss-132kv-bpnr","geometry":{"type":"Point","coordinates":[78.19405,14.53996]},"properties":{"id":"s-ss-132kv-bpnr","kind":"substation","name":"BALAPANUR","descriptiveName":"132KV BALAPANUR SS","ssCode":"SS-132KV-BPNR","voltage":132,"circle":"Kadapa","circleInferred":false,"doc":null,"lng":78.19405,"lat":14.53996,"connectedLineIds":["l-0486","l-0909"],"connectedLineCount":2,"zone":"Kadapa","division":"Yerraguntla"}},{"type":"Feature","id":"s-ss-132kv-lngl","geometry":{"type":"Point","coordinates":[78.10067,14.51174]},"properties":{"id":"s-ss-132kv-lngl","kind":"substation","name":"LINGALA","descriptiveName":"132KV LINGALA SS","ssCode":"SS-132KV-LNGL","voltage":132,"circle":"Kadapa","circleInferred":false,"doc":null,"lng":78.10067,"lat":14.51174,"connectedLineIds":["l-0911"],"connectedLineCount":1,"zone":"Kadapa","division":"Yerraguntla"}},{"type":"Feature","id":"s-ss-220kv-tmpr","geometry":{"type":"Point","coordinates":[78.09909,14.7083]},"properties":{"id":"s-ss-220kv-tmpr","kind":"substation","name":"THIMMAPURAM","descriptiveName":"220KV THIMMAPURAM SS","ssCode":"SS-220KV-TMPR","voltage":220,"circle":"Kadapa","circleInferred":false,"doc":null,"lng":78.09909,"lat":14.7083,"connectedLineIds":["l-0269","l-0270","l-0313","l-0314","l-0316","l-0317","l-0318","l-0319"],"connectedLineCount":8,"zone":"Kadapa","division":"Yerraguntla"}},{"type":"Feature","id":"s-ss-132kv-nglp","geometry":{"type":"Point","coordinates":[79.79765,13.40307]},"properties":{"id":"s-ss-132kv-nglp","kind":"substation","name":"NAGALAPURAM","descriptiveName":"132KV NAGALAPURAM SS","ssCode":"SS-132KV-NGLP","voltage":132,"circle":"Tirupati","circleInferred":false,"doc":null,"lng":79.79765,"lat":13.40307,"connectedLineIds":["l-0770"],"connectedLineCount":1,"zone":"Kadapa","division":"Thirupathi"}},{"type":"Feature","id":"s-ss-132kv-vmpl","geometry":{"type":"Point","coordinates":[78.45957,14.37707]},"properties":{"id":"s-ss-132kv-vmpl","kind":"substation","name":"VEMPALLI","descriptiveName":"132KV VEMPALLI SS","ssCode":"SS-132KV-VMPL","voltage":132,"circle":"Kadapa","circleInferred":false,"doc":null,"lng":78.45957,"lat":14.37707,"connectedLineIds":["l-1053","l-1075"],"connectedLineCount":2,"zone":"Kadapa","division":"Yerraguntla"}},{"type":"Feature","id":"s-ss-220kv-gtrt","geometry":{"type":"Point","coordinates":[77.64862,15.14195]},"properties":{"id":"s-ss-220kv-gtrt","kind":"substation","name":"RTSS GOOTY","descriptiveName":"220KVRTSS GOOTY SS","ssCode":"SS-220KV-GTRT","voltage":220,"circle":"Anantapur","circleInferred":false,"doc":null,"lng":77.64862,"lat":15.14195,"connectedLineIds":["l-0139","l-0142","l-0143"],"connectedLineCount":3,"zone":"Kadapa","division":"Ananthapuram"}},{"type":"Feature","id":"s-ss-132kv-rpcl","geometry":{"type":"Point","coordinates":[79.03436,13.65154]},"properties":{"id":"s-ss-132kv-rpcl","kind":"substation","name":"ROMPICHERLA","descriptiveName":"132KV ROMPICHERLA SS","ssCode":"SS-132KV-RPCL","voltage":132,"circle":"Tirupati","circleInferred":false,"doc":null,"lng":79.03436,"lat":13.65154,"connectedLineIds":["l-0970","l-0990"],"connectedLineCount":2,"zone":"Kadapa","division":"Thirupathi"}},{"type":"Feature","id":"s-ss-132kv-done","geometry":{"type":"Point","coordinates":[77.87632,15.40499]},"properties":{"id":"s-ss-132kv-done","kind":"substation","name":"DHONE","descriptiveName":"132KV DHONE SS","ssCode":"SS-132KV-DONE","voltage":132,"circle":"Kurnool","circleInferred":false,"doc":null,"lng":77.87632,"lat":15.40499,"connectedLineIds":["l-0576","l-0725"],"connectedLineCount":2,"zone":"Kadapa","division":"Kurnool"}},{"type":"Feature","id":"s-ss-132kv-alpr","geometry":{"type":"Point","coordinates":[79.38506,13.63068]},"properties":{"id":"s-ss-132kv-alpr","kind":"substation","name":"ALIPIRI","descriptiveName":"132KV ALIPIRI SS","ssCode":"SS-132KV-ALPR","voltage":132,"circle":"Tirupati","circleInferred":false,"doc":null,"lng":79.38506,"lat":13.63068,"connectedLineIds":["l-0449","l-0546"],"connectedLineCount":2,"zone":"Kadapa","division":"Thirupathi"}},{"type":"Feature","id":"s-ss-220kv-kodr","geometry":{"type":"Point","coordinates":[79.33729,13.98446]},"properties":{"id":"s-ss-220kv-kodr","kind":"substation","name":"KODUR","descriptiveName":"220KV KODUR SS","ssCode":"SS-220KV-KODR","voltage":220,"circle":"Kadapa","circleInferred":false,"doc":null,"lng":79.33729,"lat":13.98446,"connectedLineIds":["l-0178","l-0256"],"connectedLineCount":2,"zone":"Kadapa","division":null}},{"type":"Feature","id":"s-ss-220kv-ngri","geometry":{"type":"Point","coordinates":[79.63417,13.33452]},"properties":{"id":"s-ss-220kv-ngri","kind":"substation","name":"NAGARI","descriptiveName":"220KV NAGARI SS","ssCode":"SS-220KV-NGRI","voltage":220,"circle":"Tirupati","circleInferred":false,"doc":null,"lng":79.63417,"lat":13.33452,"connectedLineIds":["l-0207","l-0262","l-0768","l-0769","l-0770","l-0771","l-0772","l-0773","l-0918","l-0919"],"connectedLineCount":10,"zone":"Kadapa","division":"Thirupathi"}},{"type":"Feature","id":"s-ss-132kv-pvda","geometry":{"type":"Point","coordinates":[78.22878,14.4036]},"properties":{"id":"s-ss-132kv-pvda","kind":"substation","name":"PULIVENDULA","descriptiveName":"132KV PULIVENDULA SS","ssCode":"SS-132KV-PVDA","voltage":132,"circle":"Kadapa","circleInferred":false,"doc":null,"lng":78.22878,"lat":14.4036,"connectedLineIds":["l-0908","l-1053","l-1074","l-1099","l-1100"],"connectedLineCount":5,"zone":"Kadapa","division":"Yerraguntla"}},{"type":"Feature","id":"s-ss-220kv-pvla","geometry":{"type":"Point","coordinates":[78.22905,14.4637]},"properties":{"id":"s-ss-220kv-pvla","kind":"substation","name":"PULIVENDULA","descriptiveName":"220KV PULIVENDULA SS","ssCode":"SS-220KV-PVLA","voltage":220,"circle":"Kadapa","circleInferred":false,"doc":null,"lng":78.22905,"lat":14.4637,"connectedLineIds":["l-0137","l-0138","l-0372","l-0373","l-0433","l-0434","l-0909","l-0910","l-0911","l-0912","l-0913","l-0914","l-1099","l-1101"],"connectedLineCount":14,"zone":"Kadapa","division":"Yerraguntla"}},{"type":"Feature","id":"s-ss-220kv-chtr","geometry":{"type":"Point","coordinates":[79.09089,13.19807]},"properties":{"id":"s-ss-220kv-chtr","kind":"substation","name":"CHITTOOR","descriptiveName":"220KV CHITTOOR SS","ssCode":"SS-220KV-CHTR","voltage":220,"circle":"Tirupati","circleInferred":false,"doc":null,"lng":79.09089,"lat":13.19807,"connectedLineIds":["l-0117","l-0118","l-0119","l-0174","l-0566","l-0567","l-0568","l-0569"],"connectedLineCount":8,"zone":"Kadapa","division":"Chittoor"}},{"type":"Feature","id":"s-ss-132kv-skht","geometry":{"type":"Point","coordinates":[79.71131,13.74556]},"properties":{"id":"s-ss-132kv-skht","kind":"substation","name":"SRIKALAHASTHI","descriptiveName":"132KV SRIKALAHASTHI SS","ssCode":"SS-132KV-SKHT","voltage":132,"circle":"Tirupati","circleInferred":false,"doc":null,"lng":79.71131,"lat":13.74556,"connectedLineIds":["l-0618","l-0962","l-0992","l-0993"],"connectedLineCount":4,"zone":"Kadapa","division":"Thirupathi"}},{"type":"Feature","id":"s-ss-220kv-mdnp","geometry":{"type":"Point","coordinates":[78.53148,13.58221]},"properties":{"id":"s-ss-220kv-mdnp","kind":"substation","name":"MADANAPALLI","descriptiveName":"220KV MADANAPALLI SS","ssCode":"SS-220KV-MDNP","voltage":220,"circle":"Tirupati","circleInferred":false,"doc":null,"lng":78.53148,"lat":13.58221,"connectedLineIds":["l-0170","l-0171","l-0403","l-0679","l-0680","l-0736","l-0737","l-0738","l-0740","l-0741","l-1162"],"connectedLineCount":11,"zone":"Kadapa","division":"Madanapalli"}},{"type":"Feature","id":"s-ss-220kv-pmml","geometry":{"type":"Point","coordinates":[79.01864,14.83715]},"properties":{"id":"s-ss-220kv-pmml","kind":"substation","name":"PORUMAMILLA","descriptiveName":"220KV PORUMAMILLA SS","ssCode":"SS-220KV-PMML","voltage":220,"circle":"Kadapa","circleInferred":false,"doc":null,"lng":79.01864,"lat":14.83715,"connectedLineIds":["l-0158","l-0159","l-0250","l-0251","l-0484","l-0485","l-0891","l-0892","l-0893","l-0894","l-0895","l-0896","l-0897","l-0898"],"connectedLineCount":14,"zone":"Kadapa","division":null}},{"type":"Feature","id":"s-ss-220kv-mdkr","geometry":{"type":"Point","coordinates":[78.75279,14.72234]},"properties":{"id":"s-ss-220kv-mdkr","kind":"substation","name":"MYDUKUR","descriptiveName":"220KV MYDUKUR SS","ssCode":"SS-220KV-MDKR","voltage":220,"circle":"Kadapa","circleInferred":false,"doc":null,"lng":78.75279,"lat":14.72234,"connectedLineIds":["l-0161","l-0206"],"connectedLineCount":2,"zone":"Kadapa","division":null}},{"type":"Feature","id":"s-ss-132kv-uvkd","geometry":{"type":"Point","coordinates":[77.26787,14.91061]},"properties":{"id":"s-ss-132kv-uvkd","kind":"substation","name":"URAVAKONDA","descriptiveName":"132KV URAVAKONDA SS","ssCode":"SS-132KV-UVKD","voltage":132,"circle":"Anantapur","circleInferred":false,"doc":null,"lng":77.26787,"lat":14.91061,"connectedLineIds":["l-1175","l-1185"],"connectedLineCount":2,"zone":"Kadapa","division":"Ananthapuram"}},{"type":"Feature","id":"s-ss-220kv-ksng","geometry":{"type":"Point","coordinates":[77.85887,15.54807]},"properties":{"id":"s-ss-220kv-ksng","kind":"substation","name":"KRISHNAGIRI","descriptiveName":"220KV KRISHNAGIRI SS","ssCode":"SS-220KV-KSNG","voltage":220,"circle":"Kurnool","circleInferred":false,"doc":null,"lng":77.85887,"lat":15.54807,"connectedLineIds":["l-0183","l-0184","l-0381","l-0383","l-0401"],"connectedLineCount":5,"zone":"Kadapa","division":"Kurnool"}},{"type":"Feature","id":"s-ss-132kv-duvr","geometry":{"type":"Point","coordinates":[78.67354,14.82136]},"properties":{"id":"s-ss-132kv-duvr","kind":"substation","name":"DUVVUR","descriptiveName":"132KV DUVVUR SS","ssCode":"SS-132KV-DUVR","voltage":132,"circle":"Kadapa","circleInferred":false,"doc":null,"lng":78.67354,"lat":14.82136,"connectedLineIds":["l-0578","l-0905"],"connectedLineCount":2,"zone":"Kadapa","division":null}},{"type":"Feature","id":"s-ss-400kv-klki","geometry":{"type":"Point","coordinates":[78.75751,13.6531]},"properties":{"id":"s-ss-400kv-klki","kind":"substation","name":"KALIKIRI","descriptiveName":"400KV KALIKIRI SS","ssCode":"SS-400KV-KLKI","voltage":400,"circle":"Kadapa","circleInferred":false,"doc":null,"lng":78.75751,"lat":13.6531,"connectedLineIds":["l-0016","l-0017","l-0027","l-0028","l-0170","l-0171","l-0172","l-0173"],"connectedLineCount":8,"zone":"Kadapa","division":"Madanapalli"}},{"type":"Feature","id":"s-ss-220kv-nsrl","geometry":{"type":"Point","coordinates":[77.6581,15.46198]},"properties":{"id":"s-ss-220kv-nsrl","kind":"substation","name":"NANSURALLA","descriptiveName":"220KV NANSURALLA SS","ssCode":"SS-220KV-NSRL","voltage":220,"circle":"Kurnool","circleInferred":false,"doc":null,"lng":77.6581,"lat":15.46198,"connectedLineIds":["l-0123","l-0185","l-0209","l-0385","l-0401","l-0408","l-0418"],"connectedLineCount":7,"zone":"Kadapa","division":"Kurnool"}},{"type":"Feature","id":"s-ss-132kv-jmbd","geometry":{"type":"Point","coordinates":[77.15332,13.98599]},"properties":{"id":"s-ss-132kv-jmbd","kind":"substation","name":"JAMMALABANDA","descriptiveName":"132KV JAMMALABANDA SS","ssCode":"SS-132KV-JMBD","voltage":132,"circle":"Anantapur","circleInferred":false,"doc":null,"lng":77.15332,"lat":13.98599,"connectedLineIds":["l-0648","l-0655"],"connectedLineCount":2,"zone":"Kadapa","division":"Hindupur"}},{"type":"Feature","id":"s-ss-132kv-mdpl","geometry":{"type":"Point","coordinates":[78.50641,13.57233]},"properties":{"id":"s-ss-132kv-mdpl","kind":"substation","name":"MADANAPALLI","descriptiveName":"132KV MADANAPALLI SS","ssCode":"SS-132KV-MDPL","voltage":132,"circle":"Tirupati","circleInferred":false,"doc":null,"lng":78.50641,"lat":13.57233,"connectedLineIds":["l-0736","l-0737","l-0738","l-0739"],"connectedLineCount":4,"zone":"Kadapa","division":"Madanapalli"}},{"type":"Feature","id":"s-ss-132kv-ymgr","geometry":{"type":"Point","coordinates":[77.51531,15.76148]},"properties":{"id":"s-ss-132kv-ymgr","kind":"substation","name":"YEMMIGANUR","descriptiveName":"132KV YEMMIGANUR SS","ssCode":"SS-132KV-YMGR","voltage":132,"circle":"Kurnool","circleInferred":false,"doc":null,"lng":77.51531,"lat":15.76148,"connectedLineIds":["l-0444","l-0445","l-0628","l-1064","l-1137","l-1158"],"connectedLineCount":6,"zone":"Kadapa","division":"Kurnool"}},{"type":"Feature","id":"s-ss-220kv-bmpl","geometry":{"type":"Point","coordinates":[77.23491,14.60612]},"properties":{"id":"s-ss-220kv-bmpl","kind":"substation","name":"BORAMPALLI","descriptiveName":"220KV BORAMPALLI SS","ssCode":"SS-220KV-BMPL","voltage":220,"circle":"Anantapur","circleInferred":false,"doc":null,"lng":77.23491,"lat":14.60612,"connectedLineIds":["l-0097","l-0098","l-0099","l-0100","l-0101","l-0102","l-0103","l-0104","l-0105","l-0325","l-0326","l-0327","l-0328"],"connectedLineCount":13,"zone":"Kadapa","division":"Hindupur"}},{"type":"Feature","id":"s-ss-132kv-ctpl","geometry":{"type":"Point","coordinates":[78.80102,14.46905]},"properties":{"id":"s-ss-132kv-ctpl","kind":"substation","name":"CHOUTAPALLI","descriptiveName":"132KV CHOUTAPALLI SS","ssCode":"SS-132KV-CTPL","voltage":132,"circle":"Kadapa","circleInferred":false,"doc":null,"lng":78.80102,"lat":14.46905,"connectedLineIds":["l-0663","l-0971","l-1109"],"connectedLineCount":3,"zone":"Kadapa","division":null}},{"type":"Feature","id":"s-ss-220kv-stpl","geometry":{"type":"Point","coordinates":[77.91934,15.60639]},"properties":{"id":"s-ss-220kv-stpl","kind":"substation","name":"SETTYPALLI","descriptiveName":"220KV SETTYPALLI SS","ssCode":"SS-220KV-STPL","voltage":220,"circle":"Kurnool","circleInferred":false,"doc":null,"lng":77.91934,"lat":15.60639,"connectedLineIds":["l-0184","l-0376","l-0383","l-0430","l-0435"],"connectedLineCount":5,"zone":"Kadapa","division":"Kurnool"}},{"type":"Feature","id":"s-ss-132kv-pkla","geometry":{"type":"Point","coordinates":[79.11183,13.43991]},"properties":{"id":"s-ss-132kv-pkla","kind":"substation","name":"PAKALA","descriptiveName":"132KV PAKALA SS","ssCode":"SS-132KV-PKLA","voltage":132,"circle":"Tirupati","circleInferred":false,"doc":null,"lng":79.11183,"lat":13.43991,"connectedLineIds":["l-0569","l-0846","l-0847","l-0848","l-0970"],"connectedLineCount":5,"zone":"Kadapa","division":"Thirupathi"}},{"type":"Feature","id":"s-ss-132kv-prml","geometry":{"type":"Point","coordinates":[78.98985,14.99615]},"properties":{"id":"s-ss-132kv-prml","kind":"substation","name":"PORUMAMILLA","descriptiveName":"132KV PORUMAMILLA SS","ssCode":"SS-132KV-PRML","voltage":132,"circle":"Kadapa","circleInferred":false,"doc":null,"lng":78.98985,"lat":14.99615,"connectedLineIds":["l-0891","l-0892"],"connectedLineCount":2,"zone":"Kadapa","division":null}},{"type":"Feature","id":"s-ss-220kv-trmp","geometry":{"type":"Point","coordinates":[78.13845,14.90569]},"properties":{"id":"s-ss-220kv-trmp","kind":"substation","name":"TIRUMULAYAPALLI","descriptiveName":"220KV TIRUMULAYAPALLI SS","ssCode":"SS-220KV-TRMP","voltage":220,"circle":"Kadapa","circleInferred":false,"doc":null,"lng":78.13845,"lat":14.90569,"connectedLineIds":["l-0157","l-0404","l-0714","l-1048","l-1049"],"connectedLineCount":5,"zone":"Kadapa","division":"Yerraguntla"}},{"type":"Feature","id":"s-ss-220kv-ckpl","geometry":{"type":"Point","coordinates":[78.80143,14.38259]},"properties":{"id":"s-ss-220kv-ckpl","kind":"substation","name":"CHINAKAMPALLI","descriptiveName":"220KV CHINAKAMPALLI SS","ssCode":"SS-220KV-CKPL","voltage":220,"circle":"Kadapa","circleInferred":false,"doc":null,"lng":78.80143,"lat":14.38259,"connectedLineIds":["l-0112","l-0113","l-0114","l-0160","l-0265","l-0266","l-0267","l-0268","l-0541","l-0542","l-0543","l-0544","l-0759"],"connectedLineCount":13,"zone":"Kadapa","division":null}},{"type":"Feature","id":"s-ss-132kv-rcty","geometry":{"type":"Point","coordinates":[78.74047,14.10893]},"properties":{"id":"s-ss-132kv-rcty","kind":"substation","name":"RAYACHOTI","descriptiveName":"132KV RAYACHOTI SS","ssCode":"SS-132KV - RCTY","voltage":132,"circle":"Kadapa","circleInferred":false,"doc":null,"lng":78.74047,"lat":14.10893,"connectedLineIds":["l-0541","l-0542","l-0949","l-1102","l-1103"],"connectedLineCount":5,"zone":"Kadapa","division":null}},{"type":"Feature","id":"s-ss-220kv-gtrs","geometry":{"type":"Point","coordinates":[77.6275,15.13632]},"properties":{"id":"s-ss-220kv-gtrs","kind":"substation","name":"RS GOOTY","descriptiveName":"220KVRS GOOTY SS","ssCode":"SS-220KV-GTRS","voltage":220,"circle":"Anantapur","circleInferred":false,"doc":null,"lng":77.6275,"lat":15.13632,"connectedLineIds":["l-0139","l-0140","l-0141","l-0613","l-0614","l-0615","l-0616","l-0617"],"connectedLineCount":8,"zone":"Kadapa","division":"Ananthapuram"}},{"type":"Feature","id":"s-ss-220kv-kldg","geometry":{"type":"Point","coordinates":[77.11945,14.5602]},"properties":{"id":"s-ss-220kv-kldg","kind":"substation","name":"KALYANDURG","descriptiveName":"220KV KALYANDURG SS","ssCode":"SS-220KV-KLDG","voltage":220,"circle":"Anantapur","circleInferred":false,"doc":null,"lng":77.11945,"lat":14.5602,"connectedLineIds":["l-0066","l-0067","l-0101","l-0102","l-0460","l-0681","l-0682","l-0683","l-0684","l-0685","l-1024"],"connectedLineCount":11,"zone":"Kadapa","division":"Hindupur"}},{"type":"Feature","id":"s-ss-220kv-kdpa","geometry":{"type":"Point","coordinates":[78.8373,14.47724]},"properties":{"id":"s-ss-220kv-kdpa","kind":"substation","name":"KADAPA","descriptiveName":"220KV KADAPA SS","ssCode":"SS-220KV-KDPA","voltage":220,"circle":"Kadapa","circleInferred":false,"doc":null,"lng":78.8373,"lat":14.47724,"connectedLineIds":["l-0160","l-0161","l-0494","l-0495","l-0663","l-0664"],"connectedLineCount":6,"zone":"Kadapa","division":null}},{"type":"Feature","id":"s-ss-132kv-bkkt","geometry":{"type":"Point","coordinates":[78.27546,13.67252]},"properties":{"id":"s-ss-132kv-bkkt","kind":"substation","name":"B.KOTHA KOTA","descriptiveName":"132KV B.KOTHA KOTA SS","ssCode":"SS-132KV-BKKT","voltage":132,"circle":"Tirupati","circleInferred":false,"doc":null,"lng":78.27546,"lat":13.67252,"connectedLineIds":["l-0540"],"connectedLineCount":1,"zone":"Kadapa","division":"Madanapalli"}},{"type":"Feature","id":"s-ss-220kv-lksr","geometry":{"type":"Point","coordinates":[77.72157,15.46011]},"properties":{"id":"s-ss-220kv-lksr","kind":"substation","name":"LAKKASAGARM","descriptiveName":"220KV LAKKASAGARM SS","ssCode":"SS-220KV-LKSR","voltage":220,"circle":"Kurnool","circleInferred":false,"doc":null,"lng":77.72157,"lat":15.46011,"connectedLineIds":["l-0177","l-0185"],"connectedLineCount":2,"zone":"Kadapa","division":"Kurnool"}},{"type":"Feature","id":"s-ss-132kv-putr","geometry":{"type":"Point","coordinates":[79.54864,13.45391]},"properties":{"id":"s-ss-132kv-putr","kind":"substation","name":"PUTTUR","descriptiveName":"132KV PUTTUR SS","ssCode":"SS-132KV-PUTR","voltage":132,"circle":"Tirupati","circleInferred":false,"doc":null,"lng":79.54864,"lat":13.45391,"connectedLineIds":["l-0918","l-0919","l-0920","l-0921","l-0958","l-0959"],"connectedLineCount":6,"zone":"Kadapa","division":"Thirupathi"}},{"type":"Feature","id":"s-ss-132kv-adni","geometry":{"type":"Point","coordinates":[77.26739,15.60794]},"properties":{"id":"s-ss-132kv-adni","kind":"substation","name":"ADONI","descriptiveName":"132KV ADONI SS","ssCode":"SS-132KV-ADNI","voltage":132,"circle":"Kurnool","circleInferred":false,"doc":null,"lng":77.26739,"lat":15.60794,"connectedLineIds":["l-0443","l-0444","l-0445","l-0450","l-1176"],"connectedLineCount":5,"zone":"Kadapa","division":"Kurnool"}},{"type":"Feature","id":"s-ss-132kv-pgnr","geometry":{"type":"Point","coordinates":[78.57673,13.37156]},"properties":{"id":"s-ss-132kv-pgnr","kind":"substation","name":"PUNGANUR","descriptiveName":"132KV PUNGANUR SS","ssCode":"SS-132KV-PGNR","voltage":132,"circle":"Tirupati","circleInferred":false,"doc":null,"lng":78.57673,"lat":13.37156,"connectedLineIds":["l-0740","l-1168"],"connectedLineCount":2,"zone":"Kadapa","division":"Chittoor"}},{"type":"Feature","id":"s-ss-132kv-atkr","geometry":{"type":"Point","coordinates":[78.59953,15.88013]},"properties":{"id":"s-ss-132kv-atkr","kind":"substation","name":"ATMAKUR","descriptiveName":"132KV ATMAKUR SS","ssCode":"SS-132KV-ATKR","voltage":132,"circle":"Kurnool","circleInferred":false,"doc":null,"lng":78.59953,"lat":15.88013,"connectedLineIds":["l-0786","l-0994"],"connectedLineCount":2,"zone":"Kadapa","division":"Nandyal"}},{"type":"Feature","id":"s-ss-220kv-kndp","geometry":{"type":"Point","coordinates":[78.1657,14.76172]},"properties":{"id":"s-ss-220kv-kndp","kind":"substation","name":"KONDAPURAM","descriptiveName":"220KV KONDAPURAM SS","ssCode":"SS-220KV-KNDP","voltage":220,"circle":"Kadapa","circleInferred":false,"doc":null,"lng":78.1657,"lat":14.76172,"connectedLineIds":["l-0316","l-0317","l-0607","l-0712","l-0713","l-0714"],"connectedLineCount":6,"zone":"Kadapa","division":"Yerraguntla"}},{"type":"Feature","id":"s-ss-132kv-gkpm","geometry":{"type":"Point","coordinates":[78.18288,14.77544]},"properties":{"id":"s-ss-132kv-gkpm","kind":"substation","name":"GKLIS KONDAPURAM","descriptiveName":"132KV GKLIS KONDAPURAM SS","ssCode":"SS-132KV-GKPM","voltage":132,"circle":"Kadapa","circleInferred":false,"doc":null,"lng":78.18288,"lat":14.77544,"connectedLineIds":["l-0606","l-0607","l-0763"],"connectedLineCount":3,"zone":"Kadapa","division":"Yerraguntla"}},{"type":"Feature","id":"s-ss-220kv-klpd","geometry":{"type":"Point","coordinates":[77.7921,15.49948]},"properties":{"id":"s-ss-220kv-klpd","kind":"substation","name":"KAMBALAPADU","descriptiveName":"220KV KAMBALAPADU SS","ssCode":"SS-220KV-KLPD","voltage":220,"circle":"Kurnool","circleInferred":false,"doc":null,"lng":77.7921,"lat":15.49948,"connectedLineIds":["l-0122","l-0177"],"connectedLineCount":2,"zone":"Kadapa","division":"Kurnool"}},{"type":"Feature","id":"s-ss-132kv-vnmt","geometry":{"type":"Point","coordinates":[79.02824,14.41249]},"properties":{"id":"s-ss-132kv-vnmt","kind":"substation","name":"VONTIMITTA","descriptiveName":"132KV VONTIMITTA SS","ssCode":"SS-132KV-VNMT","voltage":132,"circle":"Kadapa","circleInferred":false,"doc":null,"lng":79.02824,"lat":14.41249,"connectedLineIds":["l-0664","l-1056"],"connectedLineCount":2,"zone":"Kadapa","division":null}},{"type":"Feature","id":"s-ss-132kv-mdvm","geometry":{"type":"Point","coordinates":[77.35218,15.91952]},"properties":{"id":"s-ss-132kv-mdvm","kind":"substation","name":"MADHAVARAM","descriptiveName":"132KV MADHAVARAM SS","ssCode":"SS-132KV-MDVM","voltage":132,"circle":"Kurnool","circleInferred":false,"doc":null,"lng":77.35218,"lat":15.91952,"connectedLineIds":["l-0742","l-1064","l-1150"],"connectedLineCount":3,"zone":"Kadapa","division":"Kurnool"}},{"type":"Feature","id":"s-ss-132kv-gudr","geometry":{"type":"Point","coordinates":[77.79499,15.78121]},"properties":{"id":"s-ss-132kv-gudr","kind":"substation","name":"GUDUR","descriptiveName":"132KV GUDUR SS","ssCode":"SS-132KV-GUDR","voltage":132,"circle":"Kurnool","circleInferred":false,"doc":null,"lng":77.79499,"lat":15.78121,"connectedLineIds":["l-0466","l-0628","l-1144","l-1158"],"connectedLineCount":4,"zone":"Kadapa","division":"Nellore"}},{"type":"Feature","id":"s-ss-220kv-ndyl","geometry":{"type":"Point","coordinates":[78.45341,15.46936]},"properties":{"id":"s-ss-220kv-ndyl","kind":"substation","name":"NANDYAL","descriptiveName":"220KV NANDYAL SS","ssCode":"SS-220KV-NDYL","voltage":220,"circle":"Kurnool","circleInferred":false,"doc":null,"lng":78.45341,"lat":15.46936,"connectedLineIds":["l-0286","l-0287","l-0545","l-0787","l-0788","l-0789","l-0790","l-0791"],"connectedLineCount":8,"zone":"Kadapa","division":"Nandyal"}},{"type":"Feature","id":"s-ss-132kv-kpmt","geometry":{"type":"Point","coordinates":[79.25248,13.29277]},"properties":{"id":"s-ss-132kv-kpmt","kind":"substation","name":"KOTHAPALLI MITTA","descriptiveName":"132KV KOTHAPALLI MITTA SS","ssCode":"SS-132KV-KPMT","voltage":132,"circle":"Tirupati","circleInferred":false,"doc":null,"lng":79.25248,"lat":13.29277,"connectedLineIds":["l-0661","l-0662","l-0768","l-0769","l-0846"],"connectedLineCount":5,"zone":"Kadapa","division":"Chittoor"}},{"type":"Feature","id":"s-ss-132kv-bgpl","geometry":{"type":"Point","coordinates":[78.22962,15.30371]},"properties":{"id":"s-ss-132kv-bgpl","kind":"substation","name":"BANAGANAPALLI","descriptiveName":"132KV BANAGANAPALLI SS","ssCode":"SS-132KV-BGPL","voltage":132,"circle":"Kurnool","circleInferred":false,"doc":null,"lng":78.22962,"lat":15.30371,"connectedLineIds":["l-0487","l-0488","l-0489","l-0788"],"connectedLineCount":4,"zone":"Kadapa","division":"Nandyal"}},{"type":"Feature","id":"s-ss-132kv-kspd","geometry":{"type":"Point","coordinates":[78.92767,15.1046]},"properties":{"id":"s-ss-132kv-kspd","kind":"substation","name":"KALASAPADU","descriptiveName":"132KV KALASAPADU SS","ssCode":"SS-132KV-KSPD","voltage":132,"circle":"Kadapa","circleInferred":false,"doc":null,"lng":78.92767,"lat":15.1046,"connectedLineIds":["l-0895","l-0896"],"connectedLineCount":2,"zone":"Kadapa","division":null}},{"type":"Feature","id":"s-ss-132kv-trml","geometry":{"type":"Point","coordinates":[79.35297,13.67262]},"properties":{"id":"s-ss-132kv-trml","kind":"substation","name":"TIRUMALA","descriptiveName":"132KV TIRUMALA SS","ssCode":"SS-132KV-TRML","voltage":132,"circle":"Tirupati","circleInferred":false,"doc":null,"lng":79.35297,"lat":13.67262,"connectedLineIds":["l-0449","l-1180"],"connectedLineCount":2,"zone":"Kadapa","division":"Thirupathi"}},{"type":"Feature","id":"s-ss-220kv-tmpm","geometry":{"type":"Point","coordinates":[78.79128,13.78898]},"properties":{"id":"s-ss-220kv-tmpm","kind":"substation","name":"THIMMAPURAM","descriptiveName":"220KV THIMMAPURAM SS","ssCode":"SS-220KV-TMPM","voltage":220,"circle":"Tirupati","circleInferred":false,"doc":null,"lng":78.79128,"lat":13.78898,"connectedLineIds":["l-0114","l-0315","l-1045"],"connectedLineCount":3,"zone":"Kadapa","division":"Madanapalli"}},{"type":"Feature","id":"s-ss-220kv-apcb","geometry":{"type":"Point","coordinates":[78.0355,15.78505]},"properties":{"id":"s-ss-220kv-apcb","kind":"substation","name":"A.P.CARBIDES","descriptiveName":"220KV A.P.CARBIDES SS","ssCode":"SS-220KV-APCB","voltage":220,"circle":"Kurnool","circleInferred":false,"doc":null,"lng":78.0355,"lat":15.78505,"connectedLineIds":["l-0071","l-0072","l-0430","l-0435","l-0464","l-0465","l-0466","l-0467","l-0723","l-0724","l-1089","l-1138","l-1144"],"connectedLineCount":13,"zone":"Kadapa","division":"Kurnool"}},{"type":"Feature","id":"s-ss-220kv-rngt","geometry":{"type":"Point","coordinates":[79.51704,13.63969]},"properties":{"id":"s-ss-220kv-rngt","kind":"substation","name":"RENIGUNTA","descriptiveName":"220KV RENIGUNTA SS","ssCode":"SS-220KV-RNGT","voltage":220,"circle":"Tirupati","circleInferred":false,"doc":null,"lng":79.51704,"lat":13.63969,"connectedLineIds":["l-0113","l-0178","l-0261","l-0262","l-0263","l-0264","l-0955","l-0956","l-0957","l-0958","l-0959","l-0960","l-0961","l-0962","l-1050"],"connectedLineCount":15,"zone":"Kadapa","division":"Thirupathi"}},{"type":"Feature","id":"s-ss-132kv-ptkd","geometry":{"type":"Point","coordinates":[77.49858,15.39285]},"properties":{"id":"s-ss-132kv-ptkd","kind":"substation","name":"PATHIKONDA","descriptiveName":"132KV PATHIKONDA SS","ssCode":"SS-132KV-PTKD","voltage":132,"circle":"Anantapur","circleInferred":false,"doc":null,"lng":77.49858,"lat":15.39285,"connectedLineIds":["l-0616","l-0867"],"connectedLineCount":2,"zone":"Kadapa","division":"Kurnool"}},{"type":"Feature","id":"s-ss-400kv-gani","geometry":{"type":"Point","coordinates":[78.25052,15.68371]},"properties":{"id":"s-ss-400kv-gani","kind":"substation","name":"GHANI","descriptiveName":"400KV GHANI SS","ssCode":"SS-400KV-GANI","voltage":400,"circle":"Kadapa","circleInferred":false,"doc":null,"lng":78.25052,"lat":15.68371,"connectedLineIds":["l-0023","l-0024","l-0284","l-0285"],"connectedLineCount":4,"zone":"Kadapa","division":"Nandyal"}},{"type":"Feature","id":"s-ss-132kv-arpl","geometry":{"type":"Point","coordinates":[78.05967,15.03345]},"properties":{"id":"s-ss-132kv-arpl","kind":"substation","name":"ANKIREDDYPALLI","descriptiveName":"132KV ANKIREDDYPALLI SS","ssCode":"SS-132KV-ARPL","voltage":132,"circle":"Anantapur","circleInferred":false,"doc":null,"lng":78.05967,"lat":15.03345,"connectedLineIds":["l-0461","l-0462","l-0619"],"connectedLineCount":3,"zone":"Kadapa","division":"Nandyal"}},{"type":"Feature","id":"s-ss-132kv-irla","geometry":{"type":"Point","coordinates":[78.99083,13.38148]},"properties":{"id":"s-ss-132kv-irla","kind":"substation","name":"IRALA","descriptiveName":"132KV IRALA SS","ssCode":"SS-132KV-IRLA","voltage":132,"circle":"Tirupati","circleInferred":false,"doc":null,"lng":78.99083,"lat":13.38148,"connectedLineIds":["l-0566","l-0653","l-0654"],"connectedLineCount":3,"zone":"Kadapa","division":"Chittoor"}},{"type":"Feature","id":"s-ss-220kv-ygtl","geometry":{"type":"Point","coordinates":[78.54062,14.62501]},"properties":{"id":"s-ss-220kv-ygtl","kind":"substation","name":"YERRAGUNTLA","descriptiveName":"220KV YERRAGUNTLA SS","ssCode":"SS-220KV-YGTL","voltage":220,"circle":"Kadapa","circleInferred":false,"doc":null,"lng":78.54062,"lat":14.62501,"connectedLineIds":["l-0271","l-0272","l-1065","l-1066","l-1067","l-1068","l-1069","l-1070","l-1071","l-1072","l-1073","l-1074","l-1075","l-1076","l-1077"],"connectedLineCount":15,"zone":"Kadapa","division":"Yerraguntla"}},{"type":"Feature","id":"s-ss-132kv-rcrl","geometry":{"type":"Point","coordinates":[77.92697,15.22475]},"properties":{"id":"s-ss-132kv-rcrl","kind":"substation","name":"N.RACHERLA","descriptiveName":"132KV N.RACHERLA SS","ssCode":"SS-132KV-RCRL","voltage":132,"circle":"Kurnool","circleInferred":false,"doc":null,"lng":77.92697,"lat":15.22475,"connectedLineIds":["l-0576","l-0617","l-0940"],"connectedLineCount":3,"zone":"Kadapa","division":"Kurnool"}},{"type":"Feature","id":"s-ss-400kv-rcgr","geometry":{"type":"Point","coordinates":[79.62736,13.73011]},"properties":{"id":"s-ss-400kv-rcgr","kind":"substation","name":"RACHAGUNNERI","descriptiveName":"400KV RACHAGUNNERI SS","ssCode":"SS-400KV-RCGR","voltage":400,"circle":"Tirupati","circleInferred":false,"doc":null,"lng":79.62736,"lat":13.73011,"connectedLineIds":["l-0019","l-0020","l-0025","l-0026","l-0191","l-0192","l-0252","l-0253","l-0263","l-0264","l-0413","l-0420","l-0928","l-0929","l-0930","l-0931","l-0932","l-0933","l-0934","l-0992","l-1183"],"connectedLineCount":21,"zone":"Kadapa","division":"Thirupathi"}},{"type":"Feature","id":"s-ss-220kv-hdpr","geometry":{"type":"Point","coordinates":[77.48144,13.85557]},"properties":{"id":"s-ss-220kv-hdpr","kind":"substation","name":"HINDUPUR","descriptiveName":"220KV HINDUPUR SS","ssCode":"SS-220KV-HDPR","voltage":220,"circle":"Anantapur","circleInferred":false,"doc":null,"lng":77.48144,"lat":13.85557,"connectedLineIds":["l-0135","l-0136","l-0280","l-0374","l-0422","l-0646","l-0647","l-0648","l-0649","l-0650","l-0916"],"connectedLineCount":11,"zone":"Kadapa","division":"Hindupur"}},{"type":"Feature","id":"s-ss-132kv-akmp","geometry":{"type":"Point","coordinates":[77.23118,14.7063]},"properties":{"id":"s-ss-132kv-akmp","kind":"substation","name":"ANKAMPALLI","descriptiveName":"132KV ANKAMPALLI SS","ssCode":"SS-132KV-AKMP","voltage":132,"circle":"Anantapur","circleInferred":false,"doc":null,"lng":77.23118,"lat":14.7063,"connectedLineIds":["l-0455","l-0458","l-0459","l-0460"],"connectedLineCount":4,"zone":"Kadapa","division":"Hindupur"}},{"type":"Feature","id":"s-ss-132kv-alru","geometry":{"type":"Point","coordinates":[77.21291,15.38023]},"properties":{"id":"s-ss-132kv-alru","kind":"substation","name":"ALURU","descriptiveName":"132KV ALURU SS","ssCode":"SS-132KV-ALRU","voltage":132,"circle":"Kurnool","circleInferred":false,"doc":null,"lng":77.21291,"lat":15.38023,"connectedLineIds":["l-0450","l-0867"],"connectedLineCount":2,"zone":"Kadapa","division":"Kurnool"}},{"type":"Feature","id":"s-ss-132kv-bvnp","geometry":{"type":"Point","coordinates":[78.46727,13.98973]},"properties":{"id":"s-ss-132kv-bvnp","kind":"substation","name":"BANDLAVANDLA PALLI","descriptiveName":"132KV BANDLAVANDLA PALLI SS","ssCode":"SS-132KV-BVNP","voltage":132,"circle":"Tirupati","circleInferred":false,"doc":null,"lng":78.46727,"lat":13.98973,"connectedLineIds":["l-0676"],"connectedLineCount":1,"zone":"Kadapa","division":"Madanapalli"}},{"type":"Feature","id":"s-ss-132k-rydg","geometry":{"type":"Point","coordinates":[76.88078,14.68756]},"properties":{"id":"s-ss-132k-rydg","kind":"substation","name":"RAYADURG","descriptiveName":"132KV RAYADURG SS","ssCode":"SS-132K-RYDG","voltage":132,"circle":"Anantapur","circleInferred":false,"doc":null,"lng":76.88078,"lat":14.68756,"connectedLineIds":["l-0682","l-0683","l-0950","l-0951"],"connectedLineCount":4,"zone":"Kadapa","division":"Hindupur"}},{"type":"Feature","id":"s-ss-400kv-jlmd","geometry":{"type":"Point","coordinates":[78.3144,14.93296]},"properties":{"id":"s-ss-400kv-jlmd","kind":"substation","name":"JAMMALAMADUGU","descriptiveName":"400KV JAMMALAMADUGU SS","ssCode":"SS-400KV-JLMD","voltage":400,"circle":"Kadapa","circleInferred":false,"doc":null,"lng":78.3144,"lat":14.93296,"connectedLineIds":["l-0002","l-0003","l-0004","l-0005","l-0156","l-0157","l-0158","l-0159","l-0402","l-0404","l-0405","l-0428","l-0431","l-0433","l-0434","l-0440","l-1142","l-1157","l-1184","l-1189"],"connectedLineCount":20,"zone":"Kadapa","division":"Yerraguntla"}},{"type":"Feature","id":"s-ss-220kv-sypl","geometry":{"type":"Point","coordinates":[78.17687,15.56949]},"properties":{"id":"s-ss-220kv-sypl","kind":"substation","name":"SOMAYAJULAPALLI","descriptiveName":"220KVSWS SOMAYAJULAPALLI","ssCode":"SS-220KV-SYPL","voltage":220,"circle":"Kurnool","circleInferred":false,"doc":null,"lng":78.17687,"lat":15.56949,"connectedLineIds":["l-0084","l-0124","l-0125","l-0284","l-0285","l-0286","l-0287","l-0288","l-0294","l-0416","l-0417","l-1089","l-1181"],"connectedLineCount":13,"zone":"Kadapa","division":"Nandyal"}},{"type":"Feature","id":"s-ss-132kv-krnl","geometry":{"type":"Point","coordinates":[78.02425,15.8265]},"properties":{"id":"s-ss-132kv-krnl","kind":"substation","name":"KURNOOL","descriptiveName":"132KV KURNOOL SS","ssCode":"SS-132kv-krnl","voltage":132,"circle":"Kurnool","circleInferred":false,"doc":null,"lng":78.02425,"lat":15.8265,"connectedLineIds":["l-0723","l-0724","l-0725","l-1153"],"connectedLineCount":4,"zone":"Kadapa","division":"Kurnool"}},{"type":"Feature","id":"s-ss-132kv-bcld","geometry":{"type":"Point","coordinates":[78.57891,14.59096]},"properties":{"id":"s-ss-132kv-bcld","kind":"substation","name":"BHARATHI CEMENTS LTD","descriptiveName":"132KV BHARATHI CEMENTS LTD SS","ssCode":"SS-132KV-BCLD","voltage":132,"circle":"Kadapa","circleInferred":false,"doc":null,"lng":78.57891,"lat":14.59096,"connectedLineIds":["l-0494","l-0495","l-1065","l-1066"],"connectedLineCount":4,"zone":"Kadapa","division":"Yerraguntla"}},{"type":"Feature","id":"s-ss-400kv-urkd","geometry":{"type":"Point","coordinates":[77.25918,14.8887]},"properties":{"id":"s-ss-400kv-urkd","kind":"substation","name":"URAVAKONDA","descriptiveName":"400KV URAVAKONDA SS","ssCode":"SS-400KV-URKD","voltage":400,"circle":"Anantapur","circleInferred":false,"doc":null,"lng":77.25918,"lat":14.8887,"connectedLineIds":["l-0035","l-0036","l-0037","l-0038","l-0039","l-0040","l-0323","l-0324","l-0325","l-0326","l-0327","l-0328","l-0329","l-0330","l-0331","l-0332","l-0333","l-0334","l-0336","l-0337"],"connectedLineCount":20,"zone":"Kadapa","division":"Ananthapuram"}},{"type":"Feature","id":"s-ss-132kv-tgpl","geometry":{"type":"Point","coordinates":[79.27245,14.2222]},"properties":{"id":"s-ss-132kv-tgpl","kind":"substation","name":"THIMMAIAH GARI PALLI","descriptiveName":"132KV THIMMAIAH GARI PALLI SS","ssCode":"SS-132KV-TGPL","voltage":132,"circle":"Kadapa","circleInferred":false,"doc":null,"lng":79.27245,"lat":14.2222,"connectedLineIds":["l-0941","l-1046"],"connectedLineCount":2,"zone":"Kadapa","division":null}},{"type":"Feature","id":"s-ss-132kv-kpli","geometry":{"type":"Point","coordinates":[79.12197,13.12242]},"properties":{"id":"s-ss-132kv-kpli","kind":"substation","name":"KOTHAPALLI","descriptiveName":"132KV KOTHAPALLI SS","ssCode":"SS-132KV-KPLI","voltage":132,"circle":"Tirupati","circleInferred":false,"doc":null,"lng":79.12197,"lat":13.12242,"connectedLineIds":["l-0815","l-0816"],"connectedLineCount":2,"zone":"Kadapa","division":"Chittoor"}},{"type":"Feature","id":"s-ss-220kv-bgdr","geometry":{"type":"Point","coordinates":[78.45794,15.69067]},"properties":{"id":"s-ss-220kv-bgdr","kind":"substation","name":"BILAKALAGUDURU","descriptiveName":"220KV SWS BILAKALAGUDURU","ssCode":"SS-220KV-BGDR","voltage":220,"circle":"Kurnool","circleInferred":false,"doc":null,"lng":78.45794,"lat":15.69067,"connectedLineIds":["l-0083","l-0084","l-0293"],"connectedLineCount":3,"zone":"Kadapa","division":"Nandyal"}},{"type":"Feature","id":"s-ss-132kv-obpm","geometry":{"type":"Point","coordinates":[76.86156,15.02921]},"properties":{"id":"s-ss-132kv-obpm","kind":"substation","name":"OBULAPURAM","descriptiveName":"132KV OBULAPURAM SS","ssCode":"SS-132KV-OBPM","voltage":132,"circle":"Anantapur","circleInferred":false,"doc":null,"lng":76.86156,"lat":15.02921,"connectedLineIds":["l-0950"],"connectedLineCount":1,"zone":"Kadapa","division":"Hindupur"}},{"type":"Feature","id":"s-ss-132kv-mdnr","geometry":{"type":"Point","coordinates":[78.40294,14.68791]},"properties":{"id":"s-ss-132kv-mdnr","kind":"substation","name":"RTSS Muddanuru","descriptiveName":"132KV RTSS Muddanuru","ssCode":"SS-132KV-MDNR","voltage":132,"circle":"Kadapa","circleInferred":false,"doc":null,"lng":78.40294,"lat":14.68791,"connectedLineIds":["l-0763","l-1071","l-1115"],"connectedLineCount":3,"zone":"Kadapa","division":"Yerraguntla"}},{"type":"Feature","id":"s-ss-220kv-bksp","geometry":{"type":"Point","coordinates":[77.5389,14.08714]},"properties":{"id":"s-ss-220kv-bksp","kind":"substation","name":"BOKSAMPALLI","descriptiveName":"220KV BOKSAMPALLI SS","ssCode":"SS-220KV-BKSP","voltage":220,"circle":"Anantapur","circleInferred":false,"doc":null,"lng":77.5389,"lat":14.08714,"connectedLineIds":["l-0087","l-0088","l-0279","l-0422","l-0518"],"connectedLineCount":5,"zone":"Kadapa","division":"Hindupur"}},{"type":"Feature","id":"s-ss-220kv-shpm","geometry":{"type":"Point","coordinates":[77.52137,14.15129]},"properties":{"id":"s-ss-220kv-shpm","kind":"substation","name":"SHAPURAM","descriptiveName":"220KV SHAPURAM SS","ssCode":"SS-220KV-SHPM","voltage":220,"circle":"Anantapur","circleInferred":false,"doc":null,"lng":77.52137,"lat":14.15129,"connectedLineIds":["l-0152","l-0260","l-0279","l-0280","l-0281","l-0375"],"connectedLineCount":6,"zone":"Kadapa","division":"Hindupur"}},{"type":"Feature","id":"s-ss-220kv-sbrp","geometry":{"type":"Point","coordinates":[77.54501,14.22797]},"properties":{"id":"s-ss-220kv-sbrp","kind":"substation","name":"SUBBARAYAPALLI","descriptiveName":"220KV SUBBARAYAPALLI SS","ssCode":"SS-220KV-SBRP","voltage":220,"circle":"Anantapur","circleInferred":false,"doc":null,"lng":77.54501,"lat":14.22797,"connectedLineIds":["l-0281","l-0300","l-0301"],"connectedLineCount":3,"zone":"Kadapa","division":"Hindupur"}},{"type":"Feature","id":"s-ss-132kv-mdks","geometry":{"type":"Point","coordinates":[77.27203,13.91513]},"properties":{"id":"s-ss-132kv-mdks","kind":"substation","name":"MADAKASIRA","descriptiveName":"132KV MADAKASIRA SS","ssCode":"SS-132KV-MDKS","voltage":132,"circle":"Anantapur","circleInferred":false,"doc":null,"lng":77.27203,"lat":13.91513,"connectedLineIds":["l-0518"],"connectedLineCount":1,"zone":"Kadapa","division":"Hindupur"}},{"type":"Feature","id":"s-ss-220kv-gtss","geometry":{"type":"Point","coordinates":[77.65467,15.15325]},"properties":{"id":"s-ss-220kv-gtss","kind":"substation","name":"GOOTY","descriptiveName":"220KV GOOTY SS","ssCode":"SS-220KV-GTSS","voltage":220,"circle":"Anantapur","circleInferred":false,"doc":null,"lng":77.65467,"lat":15.15325,"connectedLineIds":["l-0140","l-0142","l-0144","l-0145","l-0146","l-0147","l-0148","l-0149","l-0150","l-0151","l-0152"],"connectedLineCount":11,"zone":"Kadapa","division":"Ananthapuram"}},{"type":"Feature","id":"s-ss-132kv-yrpd","geometry":{"type":"Point","coordinates":[79.61194,13.76825]},"properties":{"id":"s-ss-132kv-yrpd","kind":"substation","name":"YERPEDU","descriptiveName":"132KV YERPEDU SS","ssCode":"SS-132KV-YRPD","voltage":132,"circle":"Tirupati","circleInferred":false,"doc":null,"lng":79.61194,"lat":13.76825,"connectedLineIds":["l-0933","l-0934"],"connectedLineCount":2,"zone":"Kadapa","division":"Thirupathi"}},{"type":"Feature","id":"s-ss-220kv-kpam","geometry":{"type":"Point","coordinates":[78.37714,12.81142]},"properties":{"id":"s-ss-220kv-kpam","kind":"substation","name":"KUPPAM","descriptiveName":"220KV KUPPAM SS","ssCode":"SS-220KV-KPAM","voltage":220,"circle":"Tirupati","circleInferred":false,"doc":null,"lng":78.37714,"lat":12.81142,"connectedLineIds":["l-0231","l-0232","l-0721","l-0722","l-0976","l-0977"],"connectedLineCount":6,"zone":"Kadapa","division":"Chittoor"}},{"type":"Feature","id":"s-ss-132kv-dvrm","geometry":{"type":"Point","coordinates":[77.71128,14.42749]},"properties":{"id":"s-ss-132kv-dvrm","kind":"substation","name":"DHARMAVARAM","descriptiveName":"132KV DHARMAVARAM SS","ssCode":"SS-132KV-DVRM","voltage":132,"circle":"Anantapur","circleInferred":false,"doc":null,"lng":77.71128,"lat":14.42749,"connectedLineIds":["l-0456","l-0496"],"connectedLineCount":2,"zone":"Kadapa","division":"Hindupur"}},{"type":"Feature","id":"s-ss-400kv-tcrv","geometry":{"type":"Point","coordinates":[78.05019,14.9722]},"properties":{"id":"s-ss-400kv-tcrv","kind":"substation","name":"TALARICHERUVU","descriptiveName":"400KV TALARICHERUVU SS","ssCode":"SS-400KV-TCRV","voltage":400,"circle":"Kadapa","circleInferred":false,"doc":null,"lng":78.05019,"lat":14.9722,"connectedLineIds":["l-0004","l-0005","l-0035","l-0036"],"connectedLineCount":4,"zone":"Kadapa","division":"Ananthapuram"}},{"type":"Feature","id":"s-ss-132kv-tnkl","geometry":{"type":"Point","coordinates":[78.18676,13.90383]},"properties":{"id":"s-ss-132kv-tnkl","kind":"substation","name":"TANAKALLU","descriptiveName":"132KV TANAKALLU SS","ssCode":"SS-132KV-TNKL","voltage":132,"circle":"Anantapur","circleInferred":false,"doc":null,"lng":78.18676,"lat":13.90383,"connectedLineIds":["l-0667","l-1119"],"connectedLineCount":2,"zone":"Kadapa","division":"Hindupur"}},{"type":"Feature","id":"s-ss-400kv-hdpr","geometry":{"type":"Point","coordinates":[77.55651,13.965]},"properties":{"id":"s-ss-400kv-hdpr","kind":"substation","name":"HINDUPUR","descriptiveName":"400KV HINDUPUR SS","ssCode":"SS-400KV-HDPR","voltage":400,"circle":"Anantapur","circleInferred":false,"doc":null,"lng":77.55651,"lat":13.965,"connectedLineIds":["l-0037","l-0038","l-0374","l-0377","l-0378","l-0379","l-0380","l-0384","l-0388"],"connectedLineCount":9,"zone":"Kadapa","division":"Hindupur"}},{"type":"Feature","id":"s-ss-132kv-gply","geometry":{"type":"Point","coordinates":[79.80675,13.77522]},"properties":{"id":"s-ss-132kv-gply","kind":"substation","name":"GREENPLY","descriptiveName":"132KV GREENPLY SS","ssCode":"SS-132KV-GPLY","voltage":132,"circle":"Tirupati","circleInferred":false,"doc":null,"lng":79.80675,"lat":13.77522,"connectedLineIds":["l-0618","l-1000","l-1123"],"connectedLineCount":3,"zone":"Kadapa","division":"Thirupathi"}},{"type":"Feature","id":"s-ss-220kv-klki","geometry":{"type":"Point","coordinates":[78.80261,13.65385]},"properties":{"id":"s-ss-220kv-klki","kind":"substation","name":"KALIKIRI","descriptiveName":"220KV KALIKIRI SS","ssCode":"SS-220KV-KLKI","voltage":220,"circle":"Tirupati","circleInferred":false,"doc":null,"lng":78.80261,"lat":13.65385,"connectedLineIds":["l-0172","l-0173","l-0174","l-0315","l-0677","l-0678","l-0679","l-0680","l-0991"],"connectedLineCount":9,"zone":"Kadapa","division":"Madanapalli"}},{"type":"Feature","id":"s-ss-220kv-tdpr","geometry":{"type":"Point","coordinates":[77.97868,14.90147]},"properties":{"id":"s-ss-220kv-tdpr","kind":"substation","name":"TADIPATRI","descriptiveName":"220KV TADIPATRI SS","ssCode":"SS-220KV-TDPR","voltage":220,"circle":"Anantapur","circleInferred":false,"doc":null,"lng":77.97868,"lat":14.90147,"connectedLineIds":["l-0073","l-0304","l-0713","l-1017","l-1018","l-1019","l-1020"],"connectedLineCount":7,"zone":"Kadapa","division":"Ananthapuram"}},{"type":"Feature","id":"s-ss-220kv-ylnr","geometry":{"type":"Point","coordinates":[78.04822,14.67478]},"properties":{"id":"s-ss-220kv-ylnr","kind":"substation","name":"YELLANUR","descriptiveName":"220KV YELLANUR SS","ssCode":"SS-220KV-YLNR","voltage":220,"circle":"Anantapur","circleInferred":false,"doc":null,"lng":78.04822,"lat":14.67478,"connectedLineIds":["l-0318","l-0319","l-0363","l-0364"],"connectedLineCount":4,"zone":"Kadapa","division":"Ananthapuram"}},{"type":"Feature","id":"s-ss-132kv-ppty","geometry":{"type":"Point","coordinates":[77.76811,14.15659]},"properties":{"id":"s-ss-132kv-ppty","kind":"substation","name":"PUTTAPARTHY","descriptiveName":"132KV PUTTAPARTHY SS","ssCode":"SS-132KV-PPTY","voltage":132,"circle":"Anantapur","circleInferred":false,"doc":null,"lng":77.76811,"lat":14.15659,"connectedLineIds":["l-0665","l-0916","l-0917"],"connectedLineCount":3,"zone":"Kadapa","division":"Hindupur"}},{"type":"Feature","id":"s-ss-220kv-gvpl","geometry":{"type":"Point","coordinates":[78.05374,14.63274]},"properties":{"id":"s-ss-220kv-gvpl","kind":"substation","name":"GADDAMVARI PALLI","descriptiveName":"220KV GADDAMVARI PALLI SS","ssCode":"SS-220KV-GVPL","voltage":220,"circle":"Anantapur","circleInferred":false,"doc":null,"lng":78.05374,"lat":14.63274,"connectedLineIds":["l-0133","l-0134","l-0363","l-0364"],"connectedLineCount":4,"zone":"Kadapa","division":"Ananthapuram"}},{"type":"Feature","id":"s-ss-220kv-gdmr","geometry":{"type":"Point","coordinates":[77.99921,14.58963]},"properties":{"id":"s-ss-220kv-gdmr","kind":"substation","name":"GODDUMARRI","descriptiveName":"220KV GODDUMARRI SS","ssCode":"SS-220KV-GDMR","voltage":220,"circle":"Anantapur","circleInferred":false,"doc":null,"lng":77.99921,"lat":14.58963,"connectedLineIds":["l-0132","l-0133","l-0134"],"connectedLineCount":3,"zone":"Kadapa","division":"Ananthapuram"}},{"type":"Feature","id":"s-ss-220kv-brpl","geometry":{"type":"Point","coordinates":[77.95296,15.05925]},"properties":{"id":"s-ss-220kv-brpl","kind":"substation","name":"BOYAREDDY PALLI","descriptiveName":"220KVSWS BOYAREDDY PALLI","ssCode":"SS-220KV-BRPL","voltage":220,"circle":"Anantapur","circleInferred":false,"doc":null,"lng":77.95296,"lat":15.05925,"connectedLineIds":["l-0073","l-0106","l-0144"],"connectedLineCount":3,"zone":"Kadapa","division":"Ananthapuram"}},{"type":"Feature","id":"s-ss-132kv-gdpd","geometry":{"type":"Point","coordinates":[77.98484,15.06085]},"properties":{"id":"s-ss-132kv-gdpd","kind":"substation","name":"GUDIPADU","descriptiveName":"132KVSWS GUDIPADU","ssCode":"SS-132KV-GDPD","voltage":132,"circle":"Anantapur","circleInferred":false,"doc":null,"lng":77.98484,"lat":15.06085,"connectedLineIds":["l-0613","l-0619","l-0620"],"connectedLineCount":3,"zone":"Kadapa","division":"Ananthapuram"}},{"type":"Feature","id":"s-ss-132kv-kmli","geometry":{"type":"Point","coordinates":[77.92441,14.93591]},"properties":{"id":"s-ss-132kv-kmli","kind":"substation","name":"KOMALI","descriptiveName":"132KVSWS KOMALI","ssCode":"SS-132KV-KMLI","voltage":132,"circle":"Anantapur","circleInferred":false,"doc":null,"lng":77.92441,"lat":14.93591,"connectedLineIds":["l-0461","l-0705","l-1019"],"connectedLineCount":3,"zone":"Kadapa","division":"Ananthapuram"}},{"type":"Feature","id":"s-ss-132kv-brkt","geometry":{"type":"Point","coordinates":[78.33986,13.73332]},"properties":{"id":"s-ss-132kv-brkt","kind":"substation","name":"BURAKAYALAKOTA","descriptiveName":"132KV BURAKAYALAKOTA SS","ssCode":"SS-132KV-BRKT","voltage":132,"circle":"Tirupati","circleInferred":false,"doc":null,"lng":78.33986,"lat":13.73332,"connectedLineIds":["l-0540","l-0739"],"connectedLineCount":2,"zone":"Kadapa","division":"Madanapalli"}},{"type":"Feature","id":"s-ss-132kv-ktkl","geometry":{"type":"Point","coordinates":[77.97851,14.76659]},"properties":{"id":"s-ss-132kv-ktkl","kind":"substation","name":"KOMATIKUNTLA","descriptiveName":"132KV KOMATIKUNTLA SS","ssCode":"SS-132KV-KTKL","voltage":132,"circle":"Anantapur","circleInferred":false,"doc":null,"lng":77.97851,"lat":14.76659,"connectedLineIds":["l-1020"],"connectedLineCount":1,"zone":"Kadapa","division":"Ananthapuram"}},{"type":"Feature","id":"s-ss-132kv-ampr","geometry":{"type":"Point","coordinates":[76.99412,14.11235]},"properties":{"id":"s-ss-132kv-ampr","kind":"substation","name":"AMARAPURAM","descriptiveName":"132KV AMARAPURAM SS","ssCode":"SS-132KV-AMPR","voltage":132,"circle":"Anantapur","circleInferred":false,"doc":null,"lng":76.99412,"lat":14.11235,"connectedLineIds":["l-0655"],"connectedLineCount":1,"zone":"Kadapa","division":"Hindupur"}},{"type":"Feature","id":"s-ss-132kv-svpm","geometry":{"type":"Point","coordinates":[78.92811,13.60772]},"properties":{"id":"s-ss-132kv-svpm","kind":"substation","name":"SIVARAMPURAM","descriptiveName":"132KV SIVARAMPURAM SS","ssCode":"SS-132KV-SVPM","voltage":132,"circle":"Tirupati","circleInferred":false,"doc":null,"lng":78.92811,"lat":13.60772,"connectedLineIds":["l-0678","l-0990"],"connectedLineCount":2,"zone":"Kadapa","division":"Madanapalli"}},{"type":"Feature","id":"s-ss-132kv-bdvl","geometry":{"type":"Point","coordinates":[79.05837,14.71023]},"properties":{"id":"s-ss-132kv-bdvl","kind":"substation","name":"BADVEL","descriptiveName":"132KV BADVEL SS","ssCode":"SS-132KV-BDVL","voltage":132,"circle":"Kadapa","circleInferred":false,"doc":null,"lng":79.05837,"lat":14.71023,"connectedLineIds":["l-0476","l-0484","l-0485","l-1056","l-1155"],"connectedLineCount":5,"zone":"Kadapa","division":null}},{"type":"Feature","id":"s-ss-220kv-rjpt","geometry":{"type":"Point","coordinates":[79.1357,14.17575]},"properties":{"id":"s-ss-220kv-rjpt","kind":"substation","name":"RAJAMPET","descriptiveName":"220KV RAJAMPET SS","ssCode":"SS-220KV-RJPT","voltage":220,"circle":"Kadapa","circleInferred":false,"doc":null,"lng":79.1357,"lat":14.17575,"connectedLineIds":["l-0112","l-0256","l-0257","l-0941","l-1110"],"connectedLineCount":5,"zone":"Kadapa","division":null}},{"type":"Feature","id":"s-ss-220kv-atpr","geometry":{"type":"Point","coordinates":[77.63977,14.69736]},"properties":{"id":"s-ss-220kv-atpr","kind":"substation","name":"ANANTHAPURAMU","descriptiveName":"220KV ANANTHAPURAMU SS","ssCode":"SS-220KV-ATPR","voltage":220,"circle":"Anantapur","circleInferred":false,"doc":null,"lng":77.63977,"lat":14.69736,"connectedLineIds":["l-0066","l-0067","l-0068","l-0149","l-0313","l-0314","l-0455","l-0456","l-0457","l-0766"],"connectedLineCount":10,"zone":"Kadapa","division":"Ananthapuram"}},{"type":"Feature","id":"s-ss-132kv-rdvm","geometry":{"type":"Point","coordinates":[78.60998,15.22102]},"properties":{"id":"s-ss-132kv-rdvm","kind":"substation","name":"RUDRAVARAM","descriptiveName":"132KV RUDRAVARAM SS","ssCode":"SS-132KV-RDVM","voltage":132,"circle":"Kurnool","circleInferred":false,"doc":null,"lng":78.60998,"lat":15.22102,"connectedLineIds":["l-0790","l-0972"],"connectedLineCount":2,"zone":"Kadapa","division":"Nandyal"}},{"type":"Feature","id":"s-ss-132kv-cmnr","geometry":{"type":"Point","coordinates":[78.20858,15.51004]},"properties":{"id":"s-ss-132kv-cmnr","kind":"substation","name":"CEMENTNAGAR","descriptiveName":"132KV CEMENTNAGAR SS","ssCode":"SS-132KV-CMNR","voltage":132,"circle":"Kurnool","circleInferred":false,"doc":null,"lng":78.20858,"lat":15.51004,"connectedLineIds":["l-0545","l-1181"],"connectedLineCount":2,"zone":"Kadapa","division":"Nandyal"}},{"type":"Feature","id":"s-ss-132kv-tmkt","geometry":{"type":"Point","coordinates":[77.50112,13.73131]},"properties":{"id":"s-ss-132kv-tmkt","kind":"substation","name":"THUMUKUNTA","descriptiveName":"132KV THUMUKUNTA SS","ssCode":"SS-132KV-TMKT","voltage":132,"circle":"Anantapur","circleInferred":false,"doc":null,"lng":77.50112,"lat":13.73131,"connectedLineIds":["l-0649","l-0650","l-1047"],"connectedLineCount":3,"zone":"Kadapa","division":"Hindupur"}},{"type":"Feature","id":"s-ss-220kv-rmgr","geometry":{"type":"Point","coordinates":[77.51214,14.28159]},"properties":{"id":"s-ss-220kv-rmgr","kind":"substation","name":"RAMAGIRI","descriptiveName":"220KV RAMAGIRI SS","ssCode":"SS-220KV-RMGR","voltage":220,"circle":"Anantapur","circleInferred":false,"doc":null,"lng":77.51214,"lat":14.28159,"connectedLineIds":["l-0068","l-0258","l-0259","l-0260"],"connectedLineCount":4,"zone":"Kadapa","division":"Hindupur"}},{"type":"Feature","id":"s-ss-132kv-mdgd","geometry":{"type":"Point","coordinates":[78.26802,15.19329]},"properties":{"id":"s-ss-132kv-mdgd","kind":"substation","name":"MUDIGEDU","descriptiveName":"132KV MUDIGEDU SS","ssCode":"SS-132KV-MDGD","voltage":132,"circle":"Kurnool","circleInferred":false,"doc":null,"lng":78.26802,"lat":15.19329,"connectedLineIds":["l-0487","l-1117"],"connectedLineCount":2,"zone":"Kadapa","division":"Nandyal"}},{"type":"Feature","id":"s-ss-132kv-ngpl","geometry":{"type":"Point","coordinates":[79.02573,13.20917]},"properties":{"id":"s-ss-132kv-ngpl","kind":"substation","name":"NOONEGUNDLAPALLI","descriptiveName":"132KV NOONEGUNDLAPALLI SS","ssCode":"SS-132KV-NGPL","voltage":132,"circle":"Tirupati","circleInferred":false,"doc":null,"lng":79.02573,"lat":13.20917,"connectedLineIds":["l-0567","l-0568","l-0765","l-0815","l-0816","l-0817","l-0818","l-1078"],"connectedLineCount":8,"zone":"Kadapa","division":"Chittoor"}},{"type":"Feature","id":"s-ss-132kv-lpks","geometry":{"type":"Point","coordinates":[77.61185,13.83467]},"properties":{"id":"s-ss-132kv-lpks","kind":"substation","name":"LEPAKSHI","descriptiveName":"132KV LEPAKSHI SS","ssCode":"SS-132KV-LPKS","voltage":132,"circle":"Anantapur","circleInferred":false,"doc":null,"lng":77.61185,"lat":13.83467,"connectedLineIds":["l-0726","l-0727","l-1084","l-1085"],"connectedLineCount":4,"zone":"Kadapa","division":"Hindupur"}},{"type":"Feature","id":"s-ss-132kv-kupm","geometry":{"type":"Point","coordinates":[78.348,12.73797]},"properties":{"id":"s-ss-132kv-kupm","kind":"substation","name":"KUPPAM","descriptiveName":"132KV KUPPAM SS","ssCode":"SS-132KV-KUPM","voltage":132,"circle":"Tirupati","circleInferred":false,"doc":null,"lng":78.348,"lat":12.73797,"connectedLineIds":["l-0721","l-0722"],"connectedLineCount":2,"zone":"Kadapa","division":"Chittoor"}},{"type":"Feature","id":"s-ss-132kv-gmkd","geometry":{"type":"Point","coordinates":[78.58726,13.75486]},"properties":{"id":"s-ss-132kv-gmkd","kind":"substation","name":"GURRAMKONDA","descriptiveName":"132KV GURRAMKONDA SS","ssCode":"SS-132KV-GMKD","voltage":132,"circle":"Tirupati","circleInferred":false,"doc":null,"lng":78.58726,"lat":13.75486,"connectedLineIds":["l-0643","l-0644","l-0645","l-0677"],"connectedLineCount":4,"zone":"Kadapa","division":"Madanapalli"}},{"type":"Feature","id":"s-ss-132kv-prtr","geometry":{"type":"Point","coordinates":[78.52841,14.74797]},"properties":{"id":"s-ss-132kv-prtr","kind":"substation","name":"PRODDATUR","descriptiveName":"132KV PRODDATUR SS","ssCode":"SS-132KV-PRTR","voltage":132,"circle":"Kadapa","circleInferred":false,"doc":null,"lng":78.52841,"lat":14.74797,"connectedLineIds":["l-0905","l-0906","l-1072","l-1073"],"connectedLineCount":4,"zone":"Kadapa","division":"Yerraguntla"}},{"type":"Feature","id":"s-ss-132kv-jmdg","geometry":{"type":"Point","coordinates":[78.38918,14.86746]},"properties":{"id":"s-ss-132kv-jmdg","kind":"substation","name":"JAMMALAMADU","descriptiveName":"132KV JAMMALAMADU SS","ssCode":"SS-132KV-JMDG","voltage":132,"circle":"Kadapa","circleInferred":false,"doc":null,"lng":78.38918,"lat":14.86746,"connectedLineIds":["l-0578","l-0656","l-0906","l-1157","l-1184"],"connectedLineCount":5,"zone":"Kadapa","division":"Yerraguntla"}},{"type":"Feature","id":"s-ss-132kv-bcpl","geometry":{"type":"Point","coordinates":[77.49684,13.9342]},"properties":{"id":"s-ss-132kv-bcpl","kind":"substation","name":"BEECHIGANIPALLI","descriptiveName":"132KV BEECHIGANIPALLI SS","ssCode":"SS-132KV-BCPL","voltage":132,"circle":"Anantapur","circleInferred":false,"doc":null,"lng":77.49684,"lat":13.9342,"connectedLineIds":["l-0496","l-0497","l-0498","l-0647","l-1124"],"connectedLineCount":5,"zone":"Kadapa","division":"Hindupur"}},{"type":"Feature","id":"s-ss-220kv-glpr","geometry":{"type":"Point","coordinates":[77.51564,13.73922]},"properties":{"id":"s-ss-220kv-glpr","kind":"substation","name":"GOLLAPURAM","descriptiveName":"220KV GOLLAPURAM SS","ssCode":"SS-220KV-GLPR","voltage":220,"circle":"Anantapur","circleInferred":false,"doc":null,"lng":77.51564,"lat":13.73922,"connectedLineIds":["l-0135","l-0136","l-0137","l-0138","l-0379","l-0380","l-0610","l-0611","l-0612","l-0726","l-0727","l-1047"],"connectedLineCount":12,"zone":"Kadapa","division":"Hindupur"}},{"type":"Feature","id":"s-ss-132kv-tdmr","geometry":{"type":"Point","coordinates":[77.85337,14.56145]},"properties":{"id":"s-ss-132kv-tdmr","kind":"substation","name":"TADIMARRI","descriptiveName":"132KV TADIMARRI SS","ssCode":"SS-132KV-TDMR","voltage":132,"circle":"Anantapur","circleInferred":false,"doc":null,"lng":77.85337,"lat":14.56145,"connectedLineIds":["l-0914"],"connectedLineCount":1,"zone":"Kadapa","division":"Hindupur"}},{"type":"Feature","id":"s-ss-220kv-rgpd-ss-220kv-vjkr","geometry":{"type":"Point","coordinates":[77.3361,15.00274]},"properties":{"id":"s-ss-220kv-rgpd-ss-220kv-vjkr","kind":"substation","name":"RAGULAPADU & 220/132KV VAJRAKARUR","descriptiveName":"220KV RAGULAPADU & 220/132KV VAJRAKARUR SS","ssCode":"SS-220KV-RGPD , SS-220KV-VJKR","voltage":220,"circle":"Anantapur","circleInferred":false,"doc":null,"lng":77.3361,"lat":15.00274,"connectedLineIds":["l-0141","l-0254","l-0255","l-0335","l-0336","l-0337","l-0637","l-1185"],"connectedLineCount":8,"zone":"Kadapa","division":"Ananthapuram"}},{"type":"Feature","id":"s-ss-132kv-tnkl-2","geometry":{"type":"Point","coordinates":[78.15025,14.14679]},"properties":{"id":"s-ss-132kv-tnkl-2","kind":"substation","name":"KADIRI","descriptiveName":"132KV KADIRI SS","ssCode":"SS-132KV-TNKL","voltage":132,"circle":"Anantapur","circleInferred":false,"doc":null,"lng":78.15025,"lat":14.14679,"connectedLineIds":["l-0665","l-0666","l-0667","l-1100","l-1101","l-1121"],"connectedLineCount":6,"zone":"Kadapa","division":"Hindupur"}},{"type":"Feature","id":"s-ss-132kv-smla","geometry":{"type":"Point","coordinates":[78.85755,13.51109]},"properties":{"id":"s-ss-132kv-smla","kind":"substation","name":"SOMALA","descriptiveName":"132KV SOMALA SS","ssCode":"SS-132KV-SMLA","voltage":132,"circle":"Tirupati","circleInferred":false,"doc":null,"lng":78.85755,"lat":13.51109,"connectedLineIds":["l-0654","l-0991"],"connectedLineCount":2,"zone":"Kadapa","division":"Madanapalli"}},{"type":"Feature","id":"s-ss-132kv-tcrl","geometry":{"type":"Point","coordinates":[77.58184,14.74988]},"properties":{"id":"s-ss-132kv-tcrl","kind":"substation","name":"TATICHERLA","descriptiveName":"132KV TATICHERLA SS","ssCode":"SS-132KV-TCRL","voltage":132,"circle":"Anantapur","circleInferred":false,"doc":null,"lng":77.58184,"lat":14.74988,"connectedLineIds":["l-0457","l-1024","l-1025","l-1026","l-1027"],"connectedLineCount":5,"zone":"Kadapa","division":"Ananthapuram"}},{"type":"Feature","id":"s-ss-132kv-gtkl","geometry":{"type":"Point","coordinates":[77.36806,15.15875]},"properties":{"id":"s-ss-132kv-gtkl","kind":"substation","name":"GUNTAKAL","descriptiveName":"132KV GUNTAKAL SS","ssCode":"SS-132KV-GTKL","voltage":132,"circle":"Anantapur","circleInferred":false,"doc":null,"lng":77.36806,"lat":15.15875,"connectedLineIds":["l-0614","l-0635","l-0636","l-0637","l-1175"],"connectedLineCount":5,"zone":"Kadapa","division":"Ananthapuram"}},{"type":"Feature","id":"s-ss-132kv-sntp","geometry":{"type":"Point","coordinates":[78.40364,12.87148]},"properties":{"id":"s-ss-132kv-sntp","kind":"substation","name":"SANTHIPURAM","descriptiveName":"132KV SANTHIPURAM SS","ssCode":"SS-132KV-SNTP","voltage":132,"circle":"Tirupati","circleInferred":false,"doc":null,"lng":78.40364,"lat":12.87148,"connectedLineIds":["l-0975","l-0976","l-0977","l-1163","l-1177"],"connectedLineCount":5,"zone":"Kadapa","division":"Chittoor"}},{"type":"Feature","id":"s-ss-220kv-amvp","geometry":{"type":"Point","coordinates":[77.61275,14.17986]},"properties":{"id":"s-ss-220kv-amvp","kind":"substation","name":"AMMAVARIPALLI","descriptiveName":"220KV AMMAVARIPALLI SS","ssCode":"SS-220KV-AMVP","voltage":220,"circle":"Anantapur","circleInferred":false,"doc":null,"lng":77.61275,"lat":14.17986,"connectedLineIds":["l-0087","l-0300"],"connectedLineCount":2,"zone":"Kadapa","division":"Hindupur"}},{"type":"Feature","id":"s-atmakur-220","geometry":{"type":"Point","coordinates":[79.65965,14.63903]},"properties":{"id":"s-atmakur-220","kind":"substation","name":"ATMAKUR","descriptiveName":"220KV ATMAKUR SS","ssCode":null,"voltage":220,"circle":"Nellore","circleInferred":false,"doc":null,"lng":79.65965,"lat":14.63903,"connectedLineIds":["l-0213","l-0214","l-0246","l-0247","l-0477","l-0478","l-0479","l-0480","l-0481","l-0482","l-0809"],"connectedLineCount":11,"zone":"Vijayawada","division":"Nellore"}},{"type":"Feature","id":"s-akiveedu-220","geometry":{"type":"Point","coordinates":[81.3837,16.56509]},"properties":{"id":"s-akiveedu-220","kind":"substation","name":"AKIVEEDU","descriptiveName":"220KV AKIVEEDU SS","ssCode":null,"voltage":220,"circle":"Vijayawada","circleInferred":false,"doc":null,"lng":81.3837,"lat":16.56509,"connectedLineIds":["l-0153","l-0320"],"connectedLineCount":2,"zone":"Visakhapatnam","division":"Nidadavole"}},{"type":"Feature","id":"s-adurupalli-132","geometry":{"type":"Point","coordinates":[79.59818,14.44605]},"properties":{"id":"s-adurupalli-132","kind":"substation","name":"ADURUPALLI","descriptiveName":"132KV ADURUPALLI SS","ssCode":null,"voltage":132,"circle":"Nellore","circleInferred":false,"doc":null,"lng":79.59818,"lat":14.44605,"connectedLineIds":["l-0446","l-0447","l-0808"],"connectedLineCount":3,"zone":"Vijayawada","division":"Nellore"}},{"type":"Feature","id":"s-ananthasagaram-132","geometry":{"type":"Point","coordinates":[79.36547,14.59266]},"properties":{"id":"s-ananthasagaram-132","kind":"substation","name":"ANANTHASAGARAM","descriptiveName":"132KV ANANTHASAGARAM SS","ssCode":null,"voltage":132,"circle":"Nellore","circleInferred":false,"doc":null,"lng":79.36547,"lat":14.59266,"connectedLineIds":["l-0479","l-0480"],"connectedLineCount":2,"zone":"Vijayawada","division":"Nellore"}},{"type":"Feature","id":"s-dwarakatirumala-132","geometry":{"type":"Point","coordinates":[81.23645,16.94905]},"properties":{"id":"s-dwarakatirumala-132","kind":"substation","name":"DWARAKATIRUMALA","descriptiveName":"132KV DWARAKATIRUMALA SS","ssCode":null,"voltage":132,"circle":"Eluru","circleInferred":false,"doc":null,"lng":81.23645,"lat":16.94905,"connectedLineIds":["l-0501","l-0579"],"connectedLineCount":2,"zone":"Visakhapatnam","division":"Eluru"}},{"type":"Feature","id":"s-gottiprolu-132","geometry":{"type":"Point","coordinates":[79.98903,13.94352]},"properties":{"id":"s-gottiprolu-132","kind":"substation","name":"GOTTIPROLU","descriptiveName":"132KV GOTTIPROLU SS","ssCode":null,"voltage":132,"circle":"Nellore","circleInferred":false,"doc":null,"lng":79.98903,"lat":13.94352,"connectedLineIds":["l-0774","l-0775"],"connectedLineCount":2,"zone":"Vijayawada","division":"Nellore"}},{"type":"Feature","id":"s-mogalrajapuram-132","geometry":{"type":"Point","coordinates":[80.63257,16.50872]},"properties":{"id":"s-mogalrajapuram-132","kind":"substation","name":"MOGALRAJAPURAM","descriptiveName":"132KV MOGALRAJAPURAM SS","ssCode":null,"voltage":132,"circle":"Vijayawada","circleInferred":false,"doc":null,"lng":80.63257,"lat":16.50872,"connectedLineIds":["l-0632","l-0633"],"connectedLineCount":2,"zone":"Vijayawada","division":"Gunadala"}},{"type":"Feature","id":"s-simhachalam-220","geometry":{"type":"Point","coordinates":[83.22023,17.75955]},"properties":{"id":"s-simhachalam-220","kind":"substation","name":"SIMHACHALAM","descriptiveName":"22OKV SIMHACHALAM SS","ssCode":null,"voltage":220,"circle":"Visakhapatnam","circleInferred":false,"doc":null,"lng":83.22023,"lat":17.75955,"connectedLineIds":["l-0166","l-0167","l-0282","l-0283","l-0982","l-0983","l-0987","l-0988"],"connectedLineCount":8,"zone":"Visakhapatnam","division":"Pendurthi"}},{"type":"Feature","id":"s-simhachalam-132","geometry":{"type":"Point","coordinates":[83.21905,17.7605]},"properties":{"id":"s-simhachalam-132","kind":"substation","name":"SIMHACHALAM","descriptiveName":"132KV SIMHACHALAM SS","ssCode":null,"voltage":132,"circle":"Visakhapatnam","circleInferred":false,"doc":null,"lng":83.21905,"lat":17.7605,"connectedLineIds":["l-0589","l-0880","l-0881","l-0980","l-0981","l-0982","l-0983","l-0984","l-0985","l-0986"],"connectedLineCount":10,"zone":"Visakhapatnam","division":"Pendurthi"}},{"type":"Feature","id":"s-sriharikota-shar-132","geometry":{"type":"Point","coordinates":[80.1956,13.77965]},"properties":{"id":"s-sriharikota-shar-132","kind":"substation","name":"SRIHARIKOTA(SHAR)","descriptiveName":"132KV SRIHARIKOTA(SHAR) SS","ssCode":null,"voltage":132,"circle":"Nellore","circleInferred":false,"doc":null,"lng":80.1956,"lat":13.77965,"connectedLineIds":["l-1006"],"connectedLineCount":1,"zone":"Vijayawada","division":"Nellore"}},{"type":"Feature","id":"s-tiruvuru-220","geometry":{"type":"Point","coordinates":[80.65346,16.9394]},"properties":{"id":"s-tiruvuru-220","kind":"substation","name":"TIRUVURU","descriptiveName":"220KV TIRUVURU SS","ssCode":null,"voltage":220,"circle":"Vijayawada","circleInferred":false,"doc":null,"lng":80.65346,"lat":16.9394,"connectedLineIds":["l-1107","l-1108","l-1145","l-1146"],"connectedLineCount":4,"zone":"Vijayawada","division":"Gunadala"}},{"type":"Feature","id":"s-allagadda-132","geometry":{"type":"Point","coordinates":[78.50345,15.12602]},"properties":{"id":"s-allagadda-132","kind":"substation","name":"ALLAGADDA","descriptiveName":"132KV ALLAGADDA SS","ssCode":null,"voltage":132,"circle":"Kurnool","circleInferred":false,"doc":null,"lng":78.50345,"lat":15.12602,"connectedLineIds":["l-0787","l-0972"],"connectedLineCount":2,"zone":"Kadapa","division":"Nandyal"}},{"type":"Feature","id":"s-brahmamgarimatam-132","geometry":{"type":"Point","coordinates":[78.90401,14.89671]},"properties":{"id":"s-brahmamgarimatam-132","kind":"substation","name":"BRAHMAMGARIMATAM","descriptiveName":"132KV BRAHMAMGARIMATAM SS","ssCode":null,"voltage":132,"circle":"Kadapa","circleInferred":false,"doc":null,"lng":78.90401,"lat":14.89671,"connectedLineIds":["l-0893","l-0894"],"connectedLineCount":2,"zone":"Kadapa","division":null}},{"type":"Feature","id":"s-kalicherla-lis-132","geometry":{"type":"Point","coordinates":[78.54047,13.87735]},"properties":{"id":"s-kalicherla-lis-132","kind":"substation","name":"KALICHERLA(LIS)","descriptiveName":"132KV KALICHERLA(LIS) SS","ssCode":null,"voltage":132,"circle":"Tirupati","circleInferred":false,"doc":null,"lng":78.54047,"lat":13.87735,"connectedLineIds":["l-0643","l-0676","l-0974"],"connectedLineCount":3,"zone":"Kadapa","division":"Madanapalli"}},{"type":"Feature","id":"s-nallacheruvupalli-132","geometry":{"type":"Point","coordinates":[78.34791,14.46427]},"properties":{"id":"s-nallacheruvupalli-132","kind":"substation","name":"NALLACHERUVUPALLI","descriptiveName":"132KV NALLACHERUVUPALLI SS","ssCode":null,"voltage":132,"circle":"Kadapa","circleInferred":false,"doc":null,"lng":78.34791,"lat":14.46427,"connectedLineIds":["l-0912","l-0913"],"connectedLineCount":2,"zone":"Kadapa","division":"Yerraguntla"}},{"type":"Feature","id":"s-dagadarthi-132","geometry":{"type":"Point","coordinates":[79.9881,14.69938]},"properties":{"id":"s-dagadarthi-132","kind":"substation","name":"DAGADARTHI","descriptiveName":"132KV DAGADARTHI SS","ssCode":null,"voltage":132,"circle":"Nellore","circleInferred":false,"doc":null,"lng":79.9881,"lat":14.69938,"connectedLineIds":["l-0937","l-0938"],"connectedLineCount":2,"zone":"Vijayawada","division":"Nellore"}},{"type":"Feature","id":"s-kallurupalli-132","geometry":{"type":"Point","coordinates":[79.96644,14.34633]},"properties":{"id":"s-kallurupalli-132","kind":"substation","name":"KALLURUPALLI","descriptiveName":"132KV KALLURUPALLI SS","ssCode":null,"voltage":132,"circle":"Nellore","circleInferred":false,"doc":null,"lng":79.96644,"lat":14.34633,"connectedLineIds":["l-0744","l-0745","l-1111","l-1112"],"connectedLineCount":4,"zone":"Vijayawada","division":"Nellore"}},{"type":"Feature","id":"s-narasapuram-132","geometry":{"type":"Point","coordinates":[80.80028,16.98344]},"properties":{"id":"s-narasapuram-132","kind":"substation","name":"NARASAPURAM","descriptiveName":"132KV NARASAPURAM SS","ssCode":null,"voltage":132,"circle":"Vijayawada","circleInferred":false,"doc":null,"lng":80.80028,"lat":16.98344,"connectedLineIds":["l-0834","l-0835"],"connectedLineCount":2,"zone":"Vijayawada","division":"Nunna"}},{"type":"Feature","id":"s-pachikapallem-132","geometry":{"type":"Point","coordinates":[79.35739,13.46579]},"properties":{"id":"s-pachikapallem-132","kind":"substation","name":"PACHIKAPALLEM","descriptiveName":"132KV PACHIKAPALLEM SS","ssCode":null,"voltage":132,"circle":"Tirupati","circleInferred":false,"doc":null,"lng":79.35739,"lat":13.46579,"connectedLineIds":["l-0771","l-0772","l-0844","l-0845"],"connectedLineCount":4,"zone":"Kadapa","division":"Thirupathi"}},{"type":"Feature","id":"s-aiims-132","geometry":{"type":"Point","coordinates":[80.57591,16.44957]},"properties":{"id":"s-aiims-132","kind":"substation","name":"AIIMS","descriptiveName":"132KV AIIMS SS","ssCode":null,"voltage":132,"circle":"Guntur","circleInferred":false,"doc":null,"lng":80.57591,"lat":16.44957,"connectedLineIds":["l-0448","l-1007"],"connectedLineCount":2,"zone":"Vijayawada","division":"Guntur"}},{"type":"Feature","id":"s-gold-star-sw-station-132","geometry":{"type":"Point","coordinates":[83.16476,17.9648]},"properties":{"id":"s-gold-star-sw-station-132","kind":"substation","name":"GOLD STAR SW.STATION","descriptiveName":"132KV GOLD STAR SW.STATION SS","ssCode":null,"voltage":132,"circle":"Visakhapatnam","circleInferred":false,"doc":null,"lng":83.16476,"lat":17.9648,"connectedLineIds":["l-0608","l-0609","l-1029"],"connectedLineCount":3,"zone":"Visakhapatnam","division":"Vizianagaram"}},{"type":"Feature","id":"s-pydibhimavaram-220","geometry":{"type":"Point","coordinates":[83.62632,18.16179]},"properties":{"id":"s-pydibhimavaram-220","kind":"substation","name":"PYDIBHIMAVARAM","descriptiveName":"220KV PYDIBHIMAVARAM SS","ssCode":null,"voltage":220,"circle":"Srikakulam","circleInferred":false,"doc":null,"lng":83.62632,"lat":18.16179,"connectedLineIds":["l-0203","l-0204","l-0922","l-0923","l-0924","l-0925","l-1143","l-1156","l-1165","l-1178"],"connectedLineCount":10,"zone":"Visakhapatnam","division":"Srikakulam"}},{"type":"Feature","id":"s-ramasamudram-132","geometry":{"type":"Point","coordinates":[78.45044,13.37468]},"properties":{"id":"s-ramasamudram-132","kind":"substation","name":"RAMASAMUDRAM","descriptiveName":"132KV RAMASAMUDRAM SS","ssCode":null,"voltage":132,"circle":"Tirupati","circleInferred":false,"doc":null,"lng":78.45044,"lat":13.37468,"connectedLineIds":["l-0741"],"connectedLineCount":1,"zone":"Kadapa","division":"Chittoor"}},{"type":"Feature","id":"s-athmakur-132","geometry":{"type":"Point","coordinates":[79.61663,14.65148]},"properties":{"id":"s-athmakur-132","kind":"substation","name":"ATHMAKUR","descriptiveName":"132KV ATHMAKUR SS","ssCode":null,"voltage":132,"circle":"Nellore","circleInferred":false,"doc":null,"lng":79.61663,"lat":14.65148,"connectedLineIds":["l-0476","l-0477","l-0478","l-1170"],"connectedLineCount":4,"zone":"Vijayawada","division":"Nellore"}},{"type":"Feature","id":"s-penumuru-ss-132","geometry":{"type":"Point","coordinates":[79.17942,13.38544]},"properties":{"id":"s-penumuru-ss-132","kind":"substation","name":"PENUMURU SS","descriptiveName":"132KV PENUMURU SS SS","ssCode":null,"voltage":132,"circle":"Tirupati","circleInferred":false,"doc":null,"lng":79.17942,"lat":13.38544,"connectedLineIds":["l-0844","l-0845"],"connectedLineCount":2,"zone":"Kadapa","division":"Chittoor"}},{"type":"Feature","id":"s-naidupeta-ss-220","geometry":{"type":"Point","coordinates":[79.79743,13.89389]},"properties":{"id":"s-naidupeta-ss-220","kind":"substation","name":"Naidupeta SS","descriptiveName":"220KV Naidupeta SS SS","ssCode":null,"voltage":220,"circle":"Nellore","circleInferred":false,"doc":null,"lng":79.79743,"lat":13.89389,"connectedLineIds":["l-0252","l-0253","l-0774","l-0775","l-0776","l-0777","l-0778","l-1091"],"connectedLineCount":8,"zone":"Vijayawada","division":"Nellore"}},{"type":"Feature","id":"s-g-chodavaram-132","geometry":{"type":"Point","coordinates":[83.58374,18.10916]},"properties":{"id":"s-g-chodavaram-132","kind":"substation","name":"G Chodavaram","descriptiveName":"132KV G Chodavaram SS","ssCode":null,"voltage":132,"circle":"Srikakulam","circleInferred":false,"doc":null,"lng":83.58374,"lat":18.10916,"connectedLineIds":["l-0923","l-0924"],"connectedLineCount":2,"zone":"Visakhapatnam","division":"Vizianagaram"}},{"type":"Feature","id":"s-chinturu-220","geometry":{"type":"Point","coordinates":[81.41074,17.75289]},"properties":{"id":"s-chinturu-220","kind":"substation","name":"Chinturu","descriptiveName":"220KV Chinturu SS","ssCode":null,"voltage":220,"circle":"Rajamahendravaram","circleInferred":false,"doc":null,"lng":81.41074,"lat":17.75289,"connectedLineIds":["l-0365","l-0366"],"connectedLineCount":2,"zone":"Visakhapatnam","division":"Bommuru"}},{"type":"Feature","id":"s-satellite-132","geometry":{"type":"Point","coordinates":[78.73615,14.52488]},"properties":{"id":"s-satellite-132","kind":"substation","name":"Satellite","descriptiveName":"132KV Satellite SS","ssCode":null,"voltage":132,"circle":"Kadapa","circleInferred":false,"doc":null,"lng":78.73615,"lat":14.52488,"connectedLineIds":["l-0543","l-0544"],"connectedLineCount":2,"zone":"Kadapa","division":null}},{"type":"Feature","id":"s-palasamudram-132","geometry":{"type":"Point","coordinates":[77.65037,13.97501]},"properties":{"id":"s-palasamudram-132","kind":"substation","name":"Palasamudram","descriptiveName":"132KV Palasamudram SS","ssCode":null,"voltage":132,"circle":"Anantapur","circleInferred":false,"doc":null,"lng":77.65037,"lat":13.97501,"connectedLineIds":["l-1084","l-1085"],"connectedLineCount":2,"zone":"Kadapa","division":"Hindupur"}},{"type":"Feature","id":"s-orampadu-132","geometry":{"type":"Point","coordinates":[79.2586,14.04064]},"properties":{"id":"s-orampadu-132","kind":"substation","name":"Orampadu","descriptiveName":"132KV Orampadu SS","ssCode":null,"voltage":132,"circle":"Kadapa","circleInferred":false,"doc":null,"lng":79.2586,"lat":14.04064,"connectedLineIds":["l-1110"],"connectedLineCount":1,"zone":"Kadapa","division":null}},{"type":"Feature","id":"s-t-sundupalli-132","geometry":{"type":"Point","coordinates":[78.88411,14.00413]},"properties":{"id":"s-t-sundupalli-132","kind":"substation","name":"T.Sundupalli","descriptiveName":"132KV T.Sundupalli SS","ssCode":null,"voltage":132,"circle":"Kadapa","circleInferred":false,"doc":null,"lng":78.88411,"lat":14.00413,"connectedLineIds":["l-1102","l-1103"],"connectedLineCount":2,"zone":"Kadapa","division":null}},{"type":"Feature","id":"s-narayanapuram-132","geometry":{"type":"Point","coordinates":[81.35472,16.86038]},"properties":{"id":"s-narayanapuram-132","kind":"substation","name":"NARAYANAPURAM","descriptiveName":"132KV NARAYANAPURAM SS","ssCode":null,"voltage":132,"circle":"Eluru","circleInferred":false,"doc":null,"lng":81.35472,"lat":16.86038,"connectedLineIds":["l-1104","l-1106"],"connectedLineCount":2,"zone":"Visakhapatnam","division":"Eluru"}},{"type":"Feature","id":"s-ss-132kv-pdrn","geometry":{"type":"Point","coordinates":[79.0791,15.91069]},"properties":{"id":"s-ss-132kv-pdrn","kind":"substation","name":"P.DORNALA","descriptiveName":"132KV P.DORNALA SS","ssCode":"SS-132KV-PDRN","voltage":132,"circle":"Ongole","circleInferred":false,"doc":null,"lng":79.0791,"lat":15.91069,"connectedLineIds":["l-0842","l-0843","l-1141"],"connectedLineCount":3,"zone":"Vijayawada","division":"Podili"}},{"type":"Feature","id":"s-guddigudem-400","geometry":{"type":"Point","coordinates":[81.52332,17.14927]},"properties":{"id":"s-guddigudem-400","kind":"substation","name":"Guddigudem","descriptiveName":"400/220/11 KV Guddigudem SS","ssCode":null,"voltage":400,"circle":"Visakhapatnam","circleInferred":false,"doc":null,"lng":81.52332,"lat":17.14927,"connectedLineIds":["l-0055","l-0056","l-0057","l-0058","l-0062","l-0065","l-0382","l-0386","l-0387","l-0409","l-0414","l-0421"],"connectedLineCount":12,"zone":"Visakhapatnam","division":"Eluru"}},{"type":"Feature","id":"s-korturu-132","geometry":{"type":"Point","coordinates":[80.15325,14.47975]},"properties":{"id":"s-korturu-132","kind":"substation","name":"KORTURU","descriptiveName":"132KV SS KORTURU","ssCode":null,"voltage":132,"circle":"Nellore","circleInferred":false,"doc":null,"lng":80.15325,"lat":14.47975,"connectedLineIds":["l-1111","l-1112"],"connectedLineCount":2,"zone":"Vijayawada","division":"Nellore"}},{"type":"Feature","id":"s-muthyalacheruvu-220","geometry":{"type":"Point","coordinates":[78.12287,14.1009]},"properties":{"id":"s-muthyalacheruvu-220","kind":"substation","name":"Muthyalacheruvu","descriptiveName":"220KV SS Muthyalacheruvu","ssCode":null,"voltage":220,"circle":"Anantapur","circleInferred":false,"doc":null,"lng":78.12287,"lat":14.1009,"connectedLineIds":["l-0372","l-0373","l-1118","l-1119","l-1120","l-1121","l-1122"],"connectedLineCount":7,"zone":"Kadapa","division":"Hindupur"}},{"type":"Feature","id":"s-krishnapatnam-port-132","geometry":{"type":"Point","coordinates":[80.09617,14.27465]},"properties":{"id":"s-krishnapatnam-port-132","kind":"substation","name":"Krishnapatnam Port","descriptiveName":"132KV SS Krishnapatnam Port","ssCode":null,"voltage":132,"circle":"Nellore","circleInferred":false,"doc":null,"lng":80.09617,"lat":14.27465,"connectedLineIds":["l-0527","l-0529","l-1171"],"connectedLineCount":3,"zone":"Vijayawada","division":"Nellore"}},{"type":"Feature","id":"s-t-narsapuram-132","geometry":{"type":"Point","coordinates":[81.13037,17.09303]},"properties":{"id":"s-t-narsapuram-132","kind":"substation","name":"T.Narsapuram","descriptiveName":"132KV SS T.Narsapuram","ssCode":null,"voltage":132,"circle":"Eluru","circleInferred":false,"doc":null,"lng":81.13037,"lat":17.09303,"connectedLineIds":["l-1128","l-1129","l-1130","l-1131"],"connectedLineCount":4,"zone":"Visakhapatnam","division":"Nidadavole"}},{"type":"Feature","id":"s-pampanurthanda-220","geometry":{"type":"Point","coordinates":[77.3642,14.48318]},"properties":{"id":"s-pampanurthanda-220","kind":"substation","name":"Pampanurthanda","descriptiveName":"220KV SS Pampanurthanda","ssCode":null,"voltage":220,"circle":"Anantapur","circleInferred":false,"doc":null,"lng":77.3642,"lat":14.48318,"connectedLineIds":["l-0097","l-0098","l-0377","l-0378","l-0407","l-0429"],"connectedLineCount":6,"zone":"Kadapa","division":"Hindupur"}},{"type":"Feature","id":"s-ulavapadu-132","geometry":{"type":"Point","coordinates":[79.99572,15.19159]},"properties":{"id":"s-ulavapadu-132","kind":"substation","name":"Ulavapadu","descriptiveName":"132KV SS Ulavapadu","ssCode":null,"voltage":132,"circle":"Ongole","circleInferred":false,"doc":null,"lng":79.99572,"lat":15.19159,"connectedLineIds":["l-1152"],"connectedLineCount":1,"zone":"Vijayawada","division":"Ongole"}},{"type":"Feature","id":"s-penukonda-gorantla-220","geometry":{"type":"Point","coordinates":[77.7648,13.95227]},"properties":{"id":"s-penukonda-gorantla-220","kind":"substation","name":"Penukonda (Gorantla)","descriptiveName":"220KV SS Penukonda (Gorantla)","ssCode":null,"voltage":220,"circle":"Anantapur","circleInferred":false,"doc":null,"lng":77.7648,"lat":13.95227,"connectedLineIds":["l-0384","l-0388"],"connectedLineCount":2,"zone":"Kadapa","division":"Hindupur"}},{"type":"Feature","id":"s-inaparajupalli-220","geometry":{"type":"Point","coordinates":[79.71782,16.51694]},"properties":{"id":"s-inaparajupalli-220","kind":"substation","name":"Inaparajupalli","descriptiveName":"220KV Inaparajupalli SWS","ssCode":null,"voltage":220,"circle":"Guntur","circleInferred":false,"doc":null,"lng":79.71782,"lat":16.51694,"connectedLineIds":["l-0389","l-0390","l-0412","l-0419","l-0424"],"connectedLineCount":5,"zone":"Vijayawada","division":"Narasaraopeta"}},{"type":"Feature","id":"s-galiveedu-132","geometry":{"type":"Point","coordinates":[78.5314,14.02467]},"properties":{"id":"s-galiveedu-132","kind":"substation","name":"Galiveedu","descriptiveName":"132KV SS Galiveedu","ssCode":null,"voltage":132,"circle":"Kadapa","circleInferred":false,"doc":null,"lng":78.5314,"lat":14.02467,"connectedLineIds":["l-1133","l-1134"],"connectedLineCount":2,"zone":"Kadapa","division":"Kadapa"}},{"type":"Feature","id":"s-uppalapadu-220","geometry":{"type":"Point","coordinates":[78.12612,15.6339]},"properties":{"id":"s-uppalapadu-220","kind":"substation","name":"Uppalapadu","descriptiveName":"220KV SWS Uppalapadu","ssCode":null,"voltage":220,"circle":"Kurnool","circleInferred":false,"doc":null,"lng":78.12612,"lat":15.6339,"connectedLineIds":["l-0392","l-0393","l-0394","l-0416","l-0417"],"connectedLineCount":5,"zone":"Kadapa","division":"Kurnool"}},{"type":"Feature","id":"s-pattiseema-220","geometry":{"type":"Point","coordinates":[81.63346,17.22828]},"properties":{"id":"s-pattiseema-220","kind":"substation","name":"Pattiseema","descriptiveName":"220KV Pattiseema SS","ssCode":null,"voltage":220,"circle":"Eluru","circleInferred":false,"doc":null,"lng":81.63346,"lat":17.22828,"connectedLineIds":["l-0382","l-0387"],"connectedLineCount":2,"zone":"Visakhapatnam","division":"Nidadavole"}},{"type":"Feature","id":"s-hamsavaram-132","geometry":{"type":"Point","coordinates":[82.49083,17.28749]},"properties":{"id":"s-hamsavaram-132","kind":"substation","name":"Hamsavaram","descriptiveName":"132KV Hamsavaram SS","ssCode":null,"voltage":132,"circle":"Visakhapatnam","circleInferred":false,"doc":null,"lng":82.49083,"lat":17.28749,"connectedLineIds":["l-1139","l-1148"],"connectedLineCount":2,"zone":"Visakhapatnam","division":"Kakinada"}},{"type":"Feature","id":"s-mylavaram-132","geometry":{"type":"Point","coordinates":[80.64049,16.77372]},"properties":{"id":"s-mylavaram-132","kind":"substation","name":"Mylavaram","descriptiveName":"132KV SS Mylavaram","ssCode":null,"voltage":132,"circle":"Vijayawada","circleInferred":false,"doc":null,"lng":80.64049,"lat":16.77372,"connectedLineIds":["l-1145","l-1146","l-1159","l-1160"],"connectedLineCount":4,"zone":"Vijayawada","division":"Gunadala"}},{"type":"Feature","id":"s-ss-132kv-vkta","geometry":{"type":"Point","coordinates":[78.53402,13.0603]},"properties":{"id":"s-ss-132kv-vkta","kind":"substation","name":"V.Kota","descriptiveName":"132KV SS V.Kota","ssCode":"SS-132KV-VKTA","voltage":132,"circle":"Tirupati","circleInferred":false,"doc":null,"lng":78.53402,"lat":13.0603,"connectedLineIds":["l-0851","l-0852","l-1163","l-1177"],"connectedLineCount":4,"zone":"Kadapa","division":"Chittoor"}},{"type":"Feature","id":"s-thallayapalem-gis-400","geometry":{"type":"Point","coordinates":[80.53156,16.53589]},"properties":{"id":"s-thallayapalem-gis-400","kind":"substation","name":"Thallayapalem (GIS)","descriptiveName":"400KV SS Thallayapalem (GIS)","ssCode":null,"voltage":400,"circle":"Vijayawada","circleInferred":false,"doc":null,"lng":80.53156,"lat":16.53589,"connectedLineIds":["l-0052","l-0063"],"connectedLineCount":2,"zone":"Vijayawada","division":null}},{"type":"Feature","id":"s-bethamcherla-220","geometry":{"type":"Point","coordinates":[78.09057,15.42568]},"properties":{"id":"s-bethamcherla-220","kind":"substation","name":"Bethamcherla","descriptiveName":"220KV SS Bethamcherla","ssCode":null,"voltage":220,"circle":"Kadapa","circleInferred":false,"doc":null,"lng":78.09057,"lat":15.42568,"connectedLineIds":["l-0402","l-0428"],"connectedLineCount":2,"zone":"Kadapa","division":"Nandyal"}},{"type":"Feature","id":"s-ss-220kv-pngr","geometry":{"type":"Point","coordinates":[78.60539,13.39661]},"properties":{"id":"s-ss-220kv-pngr","kind":"substation","name":"Punganur","descriptiveName":"220KV SS Punganur","ssCode":"SS-220KV-PNGR","voltage":220,"circle":"Tirupati","circleInferred":false,"doc":null,"lng":78.60539,"lat":13.39661,"connectedLineIds":["l-0189","l-0403","l-1168","l-1169"],"connectedLineCount":4,"zone":"Kadapa","division":"Chittoor"}},{"type":"Feature","id":"s-gondiparla-132","geometry":{"type":"Point","coordinates":[78.05828,15.84344]},"properties":{"id":"s-gondiparla-132","kind":"substation","name":"Gondiparla","descriptiveName":"132KV SS Gondiparla","ssCode":null,"voltage":132,"circle":"Kurnool","circleInferred":false,"doc":null,"lng":78.05828,"lat":15.84344,"connectedLineIds":["l-1138","l-1186"],"connectedLineCount":2,"zone":"Kadapa","division":"Kurnool"}}]}